School,Area,Date,Staff Count,Student Count,DateTime,Staff Close Contacts,Student Close Contacts
Berkeley County School District,Berkeley County,8/17/2021,34,125,08/17/2021 15:39:12,,
Berkeley County School District,Berkeley County,8/18/2021,48,144,08/18/2021 15:33:38,,
Berkeley County School District,Berkeley County,8/19/2021,51,169,08/19/2021 15:51:14,,
Berkeley County School District,Berkeley County,8/20/2021,54,198,08/20/2021 16:13:15,,
Berkeley County School District,Berkeley County,8/23/2021,63,252,08/23/2021 16:36:30,,
Mount Holly Elementary,Goose Creek,8/17/2021,1,0,08/17/2021 15:39:12,,
Mount Holly Elementary,Goose Creek,8/18/2021,1,0,08/18/2021 15:33:38,,
Mount Holly Elementary,Goose Creek,8/19/2021,1,0,08/19/2021 15:51:14,,
Mount Holly Elementary,Goose Creek,8/20/2021,1,0,08/20/2021 16:13:15,,
Mount Holly Elementary,Goose Creek,8/23/2021,0,1,08/23/2021 16:36:30,,
Berkeley County School District,Berkeley County,8/24/2021,71,517,2021-08-24 08:59:02,,
Mount Holly Elementary,Goose Creek,8/24/2021,1,7,2021-08-24 08:59:02,,
Berkeley County School District,Berkeley County,8/24/2021,71,517,2021-08-24 08:59:02,,
Academic Services,Moncks Corner,8/24/2021,1,0,2021-08-24 08:59:02,,
Administrative Services,Moncks Corner,8/24/2021,0,0,2021-08-24 08:59:02,,
Adult Education - Hanahan,Hanahan,8/24/2021,1,0,2021-08-24 08:59:02,,
Adult Education - Moncks Corner,Moncks Corner,8/24/2021,0,0,2021-08-24 08:59:02,,
Berkeley Alternative,Moncks Corner,8/24/2021,0,0,2021-08-24 08:59:02,,
Berkeley Elementary,Moncks Corner,8/24/2021,0,10,2021-08-24 08:59:02,,
Berkeley High School,Moncks Corner,8/24/2021,1,47,2021-08-24 08:59:02,,
Berkeley Intermediate,Moncks Corner,8/24/2021,1,10,2021-08-24 08:59:02,,
Berkeley Middle,Moncks Corner,8/24/2021,0,3,2021-08-24 08:59:02,,
Berkeley Middle College,Moncks Corner,8/24/2021,0,0,2021-08-24 08:59:02,,
Board of Education,Moncks Corner,8/24/2021,0,0,2021-08-24 08:59:02,,
Bonner Elementary,Moncks Corner,8/24/2021,4,15,2021-08-24 08:59:02,,
Boulder Bluff Elementary,Goose Creek,8/24/2021,0,11,2021-08-24 08:59:02,,
Bowens Corner Elementary,Hanahan,8/24/2021,1,11,2021-08-24 08:59:02,,
Cainhoy Elementary,Huger,8/24/2021,0,2,2021-08-24 08:59:02,,
Cane Bay Elementary,Summerville,8/24/2021,2,10,2021-08-24 08:59:02,,
Cane Bay High,Summerville,8/24/2021,8,43,2021-08-24 08:59:02,,
Cane Bay Middle,Summerville,8/24/2021,1,22,2021-08-24 08:59:02,,
Capital Improvements,Moncks Corner,8/24/2021,0,0,2021-08-24 08:59:02,,
Career Technical Ed,Moncks Corner,8/24/2021,0,0,2021-08-24 08:59:02,,
CDEP,Moncks Corner,8/24/2021,0,0,2021-08-24 08:59:02,,
Child Nutrition,Moncks Corner,8/24/2021,0,0,2021-08-24 08:59:02,,
College Park Elementary,Ladson,8/24/2021,0,8,2021-08-24 08:59:02,,
College Park Middle,Ladson,8/24/2021,2,4,2021-08-24 08:59:02,,
Communications / Public Relations,Moncks Corner,8/24/2021,0,0,2021-08-24 08:59:02,,
Cross Elementary,Cross,8/24/2021,1,1,2021-08-24 08:59:02,,
Cross High,Cross,8/24/2021,1,12,2021-08-24 08:59:02,,
Daniel Island School,Charleston,8/24/2021,0,24,2021-08-24 08:59:02,,
Daniel Island School,Charleston,8/24/2021,0,24,2021-08-24 08:59:02,,
Dist Office Transportation,Moncks Corner,8/24/2021,1,0,2021-08-24 08:59:02,,
Evaluation & Leadership,Moncks Corner,8/24/2021,0,0,2021-08-24 08:59:02,,
Financial Services,Moncks Corner,8/24/2021,0,0,2021-08-24 08:59:02,,
First Steps,Moncks Corner,8/24/2021,0,0,2021-08-24 08:59:02,,
Foxbank Elementary,Moncks Corner,8/24/2021,0,21,2021-08-24 08:59:02,,
Goose Creek Elementary,Goose Creek,8/24/2021,2,8,2021-08-24 08:59:02,,
Goose Creek High,Goose Creek,8/24/2021,0,17,2021-08-24 08:59:02,,
Hanahan Elementary,Hanahan,8/24/2021,5,7,2021-08-24 08:59:02,,
Hanahan High,Hanahan,8/24/2021,2,13,2021-08-24 08:59:02,,
Hanahan Middle,Hanahan,8/24/2021,0,11,2021-08-24 08:59:02,,
Head Start,Moncks Corner,8/24/2021,0,0,2021-08-24 08:59:02,,
Howe Hall Aims,Goose Creek,8/24/2021,1,5,2021-08-24 08:59:02,,
Human Resources,Moncks Corner,8/24/2021,2,0,2021-08-24 08:59:02,,
JK Goudin Elementary,Pineville,8/24/2021,0,2,2021-08-24 08:59:02,,
Lowcountry Regional Stem,Moncks Corner,8/24/2021,0,0,2021-08-24 08:59:02,,
Macedonia Middle,Moncks Corner,8/24/2021,0,10,2021-08-24 08:59:02,,
Maintenance,Moncks Corner,8/24/2021,2,0,2021-08-24 08:59:02,,
Marrington Elementary,Goose Creek,8/24/2021,4,3,2021-08-24 08:59:02,,
Marrington Middle,Goose Creek,8/24/2021,0,0,2021-08-24 08:59:02,,
Mount Holly Elementary,Goose Creek,8/24/2021,1,7,2021-08-24 08:59:02,,
Nexton Elementary,Summerville,8/24/2021,3,16,2021-08-24 08:59:02,,
Office of Diversity,Moncks Corner,8/24/2021,0,0,2021-08-24 08:59:02,,
Operations / Administration,Moncks Corner,8/24/2021,0,0,2021-08-24 08:59:02,,
Philip Simmons Elementary,Wando,8/24/2021,0,3,2021-08-24 08:59:02,,
Philip Simmons High,Charleston,8/24/2021,2,8,2021-08-24 08:59:02,,
Philip Simmons Middle,Wando,8/24/2021,1,3,2021-08-24 08:59:02,,
Program Support,Moncks Corner,8/24/2021,0,0,2021-08-24 08:59:02,,
Safety and Security,Moncks Corner,8/24/2021,0,0,2021-08-24 08:59:02,,
Sangaree Elementary,Summerville,8/24/2021,3,8,2021-08-24 08:59:02,,
Sangaree Intermediate,Summerville,8/24/2021,1,14,2021-08-24 08:59:02,,
Sangaree Middle,Ladson,8/24/2021,2,18,2021-08-24 08:59:02,,
Sedgefield Middle,Goose Creek,8/24/2021,1,15,2021-08-24 08:59:02,,
Special Needs Transportation,Moncks Corner,8/24/2021,0,0,2021-08-24 08:59:02,,
Special Services,Moncks Corner,8/24/2021,0,0,2021-08-24 08:59:02,,
St. Stephen Elementary,St. Stephen,8/24/2021,0,5,2021-08-24 08:59:02,,
St. Stephen Middle,St. Stephen,8/24/2021,0,7,2021-08-24 08:59:02,,
Stratford High,Goose Creek,8/24/2021,3,29,2021-08-24 08:59:02,,
Teacher Forum,Moncks Corner,8/24/2021,0,0,2021-08-24 08:59:02,,
Technology,Moncks Corner,8/24/2021,0,0,2021-08-24 08:59:02,,
Timberland High,St. Stephen,8/24/2021,1,10,2021-08-24 08:59:02,,
Transportation - Cainhoy,Cainhoy,8/24/2021,1,0,2021-08-24 08:59:02,,
Transportation - Cross,Cross,8/24/2021,0,0,2021-08-24 08:59:02,,
Transportation - Goose Creek,Goose Creek,8/24/2021,0,0,2021-08-24 08:59:02,,
Transportation - Moncks Corner,Moncks Corner,8/24/2021,2,0,2021-08-24 08:59:02,,
Transportation - St. Stephen,St. Stephen,8/24/2021,0,0,2021-08-24 08:59:02,,
Westview Elementary,Goose Creek,8/24/2021,0,6,2021-08-24 08:59:02,,
Westview Middle,Goose Creek,8/24/2021,3,14,2021-08-24 08:59:02,,
Westview Primary,Goose Creek,8/24/2021,2,7,2021-08-24 08:59:02,,
Whitesville Elementary,Moncks Corner,8/24/2021,1,9,2021-08-24 08:59:02,,
Berkeley County School District,Berkeley County,8/25/2021,76,572,2021-08-25 03:29:15,,
Academic Services,Moncks Corner,8/25/2021,1,0,2021-08-25 03:29:15,,
Administrative Services,Moncks Corner,8/25/2021,0,0,2021-08-25 03:29:15,,
Adult Education - Hanahan,Hanahan,8/25/2021,1,0,2021-08-25 03:29:15,,
Adult Education - Moncks Corner,Moncks Corner,8/25/2021,0,0,2021-08-25 03:29:15,,
Berkeley Alternative,Moncks Corner,8/25/2021,0,0,2021-08-25 03:29:15,,
Berkeley Elementary,Moncks Corner,8/25/2021,1,12,2021-08-25 03:29:15,,
Berkeley High School,Moncks Corner,8/25/2021,0,43,2021-08-25 03:29:15,,
Berkeley Intermediate,Moncks Corner,8/25/2021,2,12,2021-08-25 03:29:15,,
Berkeley Middle,Moncks Corner,8/25/2021,0,7,2021-08-25 03:29:15,,
Berkeley Middle College,Moncks Corner,8/25/2021,0,0,2021-08-25 03:29:15,,
Board of Education,Moncks Corner,8/25/2021,0,0,2021-08-25 03:29:15,,
Bonner Elementary,Moncks Corner,8/25/2021,5,19,2021-08-25 03:29:15,,
Boulder Bluff Elementary,Goose Creek,8/25/2021,0,11,2021-08-25 03:29:15,,
Bowens Corner Elementary,Hanahan,8/25/2021,1,11,2021-08-25 03:29:15,,
Cainhoy Elementary,Huger,8/25/2021,0,2,2021-08-25 03:29:15,,
Cane Bay Elementary,Summerville,8/25/2021,3,11,2021-08-25 03:29:15,,
Cane Bay High,Summerville,8/25/2021,7,47,2021-08-25 03:29:15,,
Cane Bay Middle,Summerville,8/25/2021,1,21,2021-08-25 03:29:15,,
Capital Improvements,Moncks Corner,8/25/2021,0,0,2021-08-25 03:29:15,,
Career Technical Ed,Moncks Corner,8/25/2021,0,0,2021-08-25 03:29:15,,
CDEP,Moncks Corner,8/25/2021,0,0,2021-08-25 03:29:15,,
Child Nutrition,Moncks Corner,8/25/2021,0,0,2021-08-25 03:29:15,,
College Park Elementary,Ladson,8/25/2021,0,11,2021-08-25 03:29:15,,
College Park Middle,Ladson,8/25/2021,3,8,2021-08-25 03:29:15,,
Communications / Public Relations,Moncks Corner,8/25/2021,0,0,2021-08-25 03:29:15,,
Cross Elementary,Cross,8/25/2021,1,1,2021-08-25 03:29:15,,
Cross High,Cross,8/25/2021,1,12,2021-08-25 03:29:15,,
Daniel Island School,Charleston,8/25/2021,1,23,2021-08-25 03:29:15,,
Devon Forest Elementary,Goose Creek,8/25/2021,1,11,2021-08-25 03:29:15,,
Dist Office Transportation,Moncks Corner,8/25/2021,1,0,2021-08-25 03:29:15,,
Evaluation & Leadership,Moncks Corner,8/25/2021,0,0,2021-08-25 03:29:15,,
Financial Services,Moncks Corner,8/25/2021,0,0,2021-08-25 03:29:15,,
First Steps,Moncks Corner,8/25/2021,0,0,2021-08-25 03:29:15,,
Foxbank Elementary,Moncks Corner,8/25/2021,0,21,2021-08-25 03:29:15,,
Goose Creek Elementary,Goose Creek,8/25/2021,2,13,2021-08-25 03:29:15,,
Goose Creek High,Goose Creek,8/25/2021,1,17,2021-08-25 03:29:15,,
Hanahan Elementary,Hanahan,8/25/2021,3,10,2021-08-25 03:29:15,,
Hanahan High,Hanahan,8/25/2021,2,15,2021-08-25 03:29:15,,
Hanahan Middle,Hanahan,8/25/2021,0,11,2021-08-25 03:29:15,,
Head Start,Moncks Corner,8/25/2021,0,0,2021-08-25 03:29:15,,
Howe Hall Aims,Goose Creek,8/25/2021,1,5,2021-08-25 03:29:15,,
Human Resources,Moncks Corner,8/25/2021,3,0,2021-08-25 03:29:15,,
JK Goudin Elementary,Pineville,8/25/2021,0,2,2021-08-25 03:29:15,,
Lowcountry Regional Stem,Moncks Corner,8/25/2021,0,0,2021-08-25 03:29:15,,
Macedonia Middle,Moncks Corner,8/25/2021,0,12,2021-08-25 03:29:15,,
Maintenance,Moncks Corner,8/25/2021,3,0,2021-08-25 03:29:15,,
Marrington Elementary,Goose Creek,8/25/2021,2,6,2021-08-25 03:29:15,,
Marrington Middle,Goose Creek,8/25/2021,0,2,2021-08-25 03:29:15,,
Mount Holly Elementary,Goose Creek,8/25/2021,3,9,2021-08-25 03:29:15,,
Nexton Elementary,Summerville,8/25/2021,3,18,2021-08-25 03:29:15,,
Office of Diversity,Moncks Corner,8/25/2021,0,0,2021-08-25 03:29:15,,
Operations / Administration,Moncks Corner,8/25/2021,0,0,2021-08-25 03:29:15,,
Philip Simmons Elementary,Wando,8/25/2021,0,3,2021-08-25 03:29:15,,
Philip Simmons High,Charleston,8/25/2021,1,9,2021-08-25 03:29:15,,
Philip Simmons Middle,Wando,8/25/2021,1,3,2021-08-25 03:29:15,,
Program Support,Moncks Corner,8/25/2021,0,0,2021-08-25 03:29:15,,
Safety and Security,Moncks Corner,8/25/2021,0,0,2021-08-25 03:29:15,,
Sangaree Elementary,Summerville,8/25/2021,3,11,2021-08-25 03:29:15,,
Sangaree Intermediate,Summerville,8/25/2021,1,15,2021-08-25 03:29:15,,
Sangaree Middle,Ladson,8/25/2021,2,18,2021-08-25 03:29:15,,
Sedgefield Middle,Goose Creek,8/25/2021,1,16,2021-08-25 03:29:15,,
Special Needs Transportation,Moncks Corner,8/25/2021,0,0,2021-08-25 03:29:15,,
Special Services,Moncks Corner,8/25/2021,0,0,2021-08-25 03:29:15,,
St. Stephen Elementary,St. Stephen,8/25/2021,0,5,2021-08-25 03:29:15,,
St. Stephen Middle,St. Stephen,8/25/2021,1,7,2021-08-25 03:29:15,,
Stratford High,Goose Creek,8/25/2021,3,31,2021-08-25 03:29:15,,
Teacher Forum,Moncks Corner,8/25/2021,0,0,2021-08-25 03:29:15,,
Technology,Moncks Corner,8/25/2021,0,0,2021-08-25 03:29:15,,
Timberland High,St. Stephen,8/25/2021,1,11,2021-08-25 03:29:15,,
Transportation - Cainhoy,Cainhoy,8/25/2021,1,0,2021-08-25 03:29:15,,
Transportation - Cross,Cross,8/25/2021,0,0,2021-08-25 03:29:15,,
Transportation - Goose Creek,Goose Creek,8/25/2021,0,0,2021-08-25 03:29:15,,
Transportation - Moncks Corner,Moncks Corner,8/25/2021,1,0,2021-08-25 03:29:15,,
Transportation - St. Stephen,St. Stephen,8/25/2021,0,0,2021-08-25 03:29:15,,
Westview Elementary,Goose Creek,8/25/2021,0,6,2021-08-25 03:29:15,,
Westview Middle,Goose Creek,8/25/2021,3,14,2021-08-25 03:29:15,,
Westview Primary,Goose Creek,8/25/2021,2,11,2021-08-25 03:29:15,,
Whitesville Elementary,Moncks Corner,8/25/2021,2,9,2021-08-25 03:29:15,,
Berkeley County School District,Berkeley County,8/26/2021,87,694,2021-08-26 04:29:05,,
Academic Services,Moncks Corner,8/26/2021,1,0,2021-08-26 04:29:05,,
Administrative Services,Moncks Corner,8/26/2021,0,0,2021-08-26 04:29:05,,
Adult Education - Hanahan,Hanahan,8/26/2021,1,0,2021-08-26 04:29:05,,
Adult Education - Moncks Corner,Moncks Corner,8/26/2021,0,0,2021-08-26 04:29:05,,
Berkeley Alternative,Moncks Corner,8/26/2021,0,0,2021-08-26 04:29:05,,
Berkeley Elementary,Moncks Corner,8/26/2021,1,11,2021-08-26 04:29:05,,
Berkeley High School,Moncks Corner,8/26/2021,0,53,2021-08-26 04:29:05,,
Berkeley Intermediate,Moncks Corner,8/26/2021,2,11,2021-08-26 04:29:05,,
Berkeley Middle,Moncks Corner,8/26/2021,0,7,2021-08-26 04:29:05,,
Berkeley Middle College,Moncks Corner,8/26/2021,0,0,2021-08-26 04:29:05,,
Board of Education,Moncks Corner,8/26/2021,0,0,2021-08-26 04:29:05,,
Bonner Elementary,Moncks Corner,8/26/2021,5,25,2021-08-26 04:29:05,,
Boulder Bluff Elementary,Goose Creek,8/26/2021,1,13,2021-08-26 04:29:05,,
Bowens Corner Elementary,Hanahan,8/26/2021,1,14,2021-08-26 04:29:05,,
Cainhoy Elementary,Huger,8/26/2021,0,1,2021-08-26 04:29:05,,
Cane Bay Elementary,Summerville,8/26/2021,3,16,2021-08-26 04:29:05,,
Cane Bay High,Summerville,8/26/2021,7,54,2021-08-26 04:29:05,,
Cane Bay Middle,Summerville,8/26/2021,1,20,2021-08-26 04:29:05,,
Capital Improvements,Moncks Corner,8/26/2021,0,0,2021-08-26 04:29:05,,
Career Technical Ed,Moncks Corner,8/26/2021,0,0,2021-08-26 04:29:05,,
CDEP,Moncks Corner,8/26/2021,0,0,2021-08-26 04:29:05,,
Child Nutrition,Moncks Corner,8/26/2021,0,0,2021-08-26 04:29:05,,
College Park Elementary,Ladson,8/26/2021,0,12,2021-08-26 04:29:05,,
College Park Middle,Ladson,8/26/2021,3,15,2021-08-26 04:29:05,,
Communications / Public Relations,Moncks Corner,8/26/2021,0,0,2021-08-26 04:29:05,,
Cross Elementary,Cross,8/26/2021,1,1,2021-08-26 04:29:05,,
Cross High,Cross,8/26/2021,1,17,2021-08-26 04:29:05,,
Daniel Island School,Charleston,8/26/2021,1,23,2021-08-26 04:29:05,,
Devon Forest Elementary,Goose Creek,8/26/2021,2,13,2021-08-26 04:29:05,,
Dist Office Transportation,Moncks Corner,8/26/2021,1,0,2021-08-26 04:29:05,,
Evaluation & Leadership,Moncks Corner,8/26/2021,0,0,2021-08-26 04:29:05,,
Financial Services,Moncks Corner,8/26/2021,0,0,2021-08-26 04:29:05,,
First Steps,Moncks Corner,8/26/2021,0,0,2021-08-26 04:29:05,,
Foxbank Elementary,Moncks Corner,8/26/2021,0,23,2021-08-26 04:29:05,,
Goose Creek Elementary,Goose Creek,8/26/2021,3,14,2021-08-26 04:29:05,,
Goose Creek High,Goose Creek,8/26/2021,1,23,2021-08-26 04:29:05,,
Hanahan Elementary,Hanahan,8/26/2021,3,13,2021-08-26 04:29:05,,
Hanahan High,Hanahan,8/26/2021,2,16,2021-08-26 04:29:05,,
Hanahan Middle,Hanahan,8/26/2021,0,14,2021-08-26 04:29:05,,
Head Start,Moncks Corner,8/26/2021,0,0,2021-08-26 04:29:05,,
Howe Hall Aims,Goose Creek,8/26/2021,1,8,2021-08-26 04:29:05,,
Human Resources,Moncks Corner,8/26/2021,2,0,2021-08-26 04:29:05,,
JK Goudin Elementary,Pineville,8/26/2021,0,2,2021-08-26 04:29:05,,
Lowcountry Regional Stem,Moncks Corner,8/26/2021,0,0,2021-08-26 04:29:05,,
Macedonia Middle,Moncks Corner,8/26/2021,0,12,2021-08-26 04:29:05,,
Maintenance,Moncks Corner,8/26/2021,5,0,2021-08-26 04:29:05,,
Marrington Elementary,Goose Creek,8/26/2021,2,8,2021-08-26 04:29:05,,
Marrington Middle,Goose Creek,8/26/2021,0,3,2021-08-26 04:29:05,,
Mount Holly Elementary,Goose Creek,8/26/2021,4,14,2021-08-26 04:29:05,,
Nexton Elementary,Summerville,8/26/2021,4,23,2021-08-26 04:29:05,,
Office of Diversity,Moncks Corner,8/26/2021,0,0,2021-08-26 04:29:05,,
Operations / Administration,Moncks Corner,8/26/2021,0,0,2021-08-26 04:29:05,,
Philip Simmons Elementary,Wando,8/26/2021,0,5,2021-08-26 04:29:05,,
Philip Simmons High,Charleston,8/26/2021,1,10,2021-08-26 04:29:05,,
Philip Simmons Middle,Wando,8/26/2021,1,3,2021-08-26 04:29:05,,
Program Support,Moncks Corner,8/26/2021,0,0,2021-08-26 04:29:05,,
Safety and Security,Moncks Corner,8/26/2021,0,0,2021-08-26 04:29:05,,
Sangaree Elementary,Summerville,8/26/2021,6,13,2021-08-26 04:29:05,,
Sangaree Intermediate,Summerville,8/26/2021,1,17,2021-08-26 04:29:05,,
Sangaree Middle,Ladson,8/26/2021,2,19,2021-08-26 04:29:05,,
Sedgefield Middle,Goose Creek,8/26/2021,1,19,2021-08-26 04:29:05,,
Special Needs Transportation,Moncks Corner,8/26/2021,0,0,2021-08-26 04:29:05,,
Special Services,Moncks Corner,8/26/2021,0,0,2021-08-26 04:29:05,,
St. Stephen Elementary,St. Stephen,8/26/2021,0,8,2021-08-26 04:29:05,,
St. Stephen Middle,St. Stephen,8/26/2021,1,17,2021-08-26 04:29:05,,
Stratford High,Goose Creek,8/26/2021,3,38,2021-08-26 04:29:05,,
Teacher Forum,Moncks Corner,8/26/2021,0,0,2021-08-26 04:29:05,,
Technology,Moncks Corner,8/26/2021,1,0,2021-08-26 04:29:05,,
Timberland High,St. Stephen,8/26/2021,1,15,2021-08-26 04:29:05,,
Transportation - Cainhoy,Cainhoy,8/26/2021,1,0,2021-08-26 04:29:05,,
Transportation - Cross,Cross,8/26/2021,0,0,2021-08-26 04:29:05,,
Transportation - Goose Creek,Goose Creek,8/26/2021,0,0,2021-08-26 04:29:05,,
Transportation - Moncks Corner,Moncks Corner,8/26/2021,1,0,2021-08-26 04:29:05,,
Transportation - St. Stephen,St. Stephen,8/26/2021,0,0,2021-08-26 04:29:05,,
Westview Elementary,Goose Creek,8/26/2021,1,7,2021-08-26 04:29:05,,
Westview Middle,Goose Creek,8/26/2021,3,15,2021-08-26 04:29:05,,
Westview Primary,Goose Creek,8/26/2021,2,16,2021-08-26 04:29:05,,
Whitesville Elementary,Moncks Corner,8/26/2021,2,13,2021-08-26 04:29:05,,
Berkeley County School District,Berkeley County,8/27/2021,88,801,2021-08-27 04:38:21,,
Academic Services,Moncks Corner,8/27/2021,1,0,2021-08-27 04:38:21,,
Administrative Services,Moncks Corner,8/27/2021,0,0,2021-08-27 04:38:21,,
Adult Education - Hanahan,Hanahan,8/27/2021,0,0,2021-08-27 04:38:21,,
Adult Education - Moncks Corner,Moncks Corner,8/27/2021,0,0,2021-08-27 04:38:21,,
Berkeley Alternative,Moncks Corner,8/27/2021,0,0,2021-08-27 04:38:21,,
Berkeley Elementary,Moncks Corner,8/27/2021,3,19,2021-08-27 04:38:21,,
Berkeley High School,Moncks Corner,8/27/2021,0,58,2021-08-27 04:38:21,,
Berkeley Intermediate,Moncks Corner,8/27/2021,2,11,2021-08-27 04:38:21,,
Berkeley Middle,Moncks Corner,8/27/2021,0,7,2021-08-27 04:38:21,,
Berkeley Middle College,Moncks Corner,8/27/2021,0,0,2021-08-27 04:38:21,,
Board of Education,Moncks Corner,8/27/2021,0,0,2021-08-27 04:38:21,,
Bonner Elementary,Moncks Corner,8/27/2021,5,28,2021-08-27 04:38:21,,
Boulder Bluff Elementary,Goose Creek,8/27/2021,1,20,2021-08-27 04:38:21,,
Bowens Corner Elementary,Hanahan,8/27/2021,1,15,2021-08-27 04:38:21,,
Cainhoy Elementary,Huger,8/27/2021,0,1,2021-08-27 04:38:21,,
Cane Bay Elementary,Summerville,8/27/2021,3,21,2021-08-27 04:38:21,,
Cane Bay High,Summerville,8/27/2021,7,62,2021-08-27 04:38:21,,
Cane Bay Middle,Summerville,8/27/2021,1,25,2021-08-27 04:38:21,,
Capital Improvements,Moncks Corner,8/27/2021,0,0,2021-08-27 04:38:21,,
Career Technical Ed,Moncks Corner,8/27/2021,0,0,2021-08-27 04:38:21,,
CDEP,Moncks Corner,8/27/2021,0,0,2021-08-27 04:38:21,,
Child Nutrition,Moncks Corner,8/27/2021,0,0,2021-08-27 04:38:21,,
College Park Elementary,Ladson,8/27/2021,0,12,2021-08-27 04:38:21,,
College Park Middle,Ladson,8/27/2021,3,14,2021-08-27 04:38:21,,
Communications / Public Relations,Moncks Corner,8/27/2021,0,0,2021-08-27 04:38:21,,
Cross Elementary,Cross,8/27/2021,1,1,2021-08-27 04:38:21,,
Cross High,Cross,8/27/2021,1,21,2021-08-27 04:38:21,,
Daniel Island School,Charleston,8/27/2021,2,23,2021-08-27 04:38:21,,
Devon Forest Elementary,Goose Creek,8/27/2021,2,17,2021-08-27 04:38:21,,
Dist Office Transportation,Moncks Corner,8/27/2021,1,0,2021-08-27 04:38:21,,
Evaluation & Leadership,Moncks Corner,8/27/2021,0,0,2021-08-27 04:38:21,,
Financial Services,Moncks Corner,8/27/2021,0,0,2021-08-27 04:38:21,,
First Steps,Moncks Corner,8/27/2021,0,0,2021-08-27 04:38:21,,
Foxbank Elementary,Moncks Corner,8/27/2021,0,22,2021-08-27 04:38:21,,
Goose Creek Elementary,Goose Creek,8/27/2021,3,15,2021-08-27 04:38:21,,
Goose Creek High,Goose Creek,8/27/2021,1,29,2021-08-27 04:38:21,,
Hanahan Elementary,Hanahan,8/27/2021,3,16,2021-08-27 04:38:21,,
Hanahan High,Hanahan,8/27/2021,2,18,2021-08-27 04:38:21,,
Hanahan Middle,Hanahan,8/27/2021,0,15,2021-08-27 04:38:21,,
Head Start,Moncks Corner,8/27/2021,0,0,2021-08-27 04:38:21,,
Howe Hall Aims,Goose Creek,8/27/2021,1,9,2021-08-27 04:38:21,,
Human Resources,Moncks Corner,8/27/2021,2,0,2021-08-27 04:38:21,,
JK Goudin Elementary,Pineville,8/27/2021,0,3,2021-08-27 04:38:21,,
Lowcountry Regional Stem,Moncks Corner,8/27/2021,0,0,2021-08-27 04:38:21,,
Macedonia Middle,Moncks Corner,8/27/2021,0,14,2021-08-27 04:38:21,,
Maintenance,Moncks Corner,8/27/2021,4,0,2021-08-27 04:38:21,,
Marrington Elementary,Goose Creek,8/27/2021,2,8,2021-08-27 04:38:21,,
Marrington Middle,Goose Creek,8/27/2021,0,5,2021-08-27 04:38:21,,
Mount Holly Elementary,Goose Creek,8/27/2021,4,17,2021-08-27 04:38:21,,
Nexton Elementary,Summerville,8/27/2021,4,27,2021-08-27 04:38:21,,
Office of Diversity,Moncks Corner,8/27/2021,0,0,2021-08-27 04:38:21,,
Operations / Administration,Moncks Corner,8/27/2021,0,0,2021-08-27 04:38:21,,
Philip Simmons Elementary,Wando,8/27/2021,0,6,2021-08-27 04:38:21,,
Philip Simmons High,Charleston,8/27/2021,1,11,2021-08-27 04:38:21,,
Philip Simmons Middle,Wando,8/27/2021,1,3,2021-08-27 04:38:21,,
Program Support,Moncks Corner,8/27/2021,0,0,2021-08-27 04:38:21,,
Safety and Security,Moncks Corner,8/27/2021,0,0,2021-08-27 04:38:21,,
Sangaree Elementary,Summerville,8/27/2021,5,13,2021-08-27 04:38:21,,
Sangaree Intermediate,Summerville,8/27/2021,1,20,2021-08-27 04:38:21,,
Sangaree Middle,Ladson,8/27/2021,2,19,2021-08-27 04:38:21,,
Sedgefield Middle,Goose Creek,8/27/2021,1,24,2021-08-27 04:38:21,,
Special Needs Transportation,Moncks Corner,8/27/2021,0,0,2021-08-27 04:38:21,,
Special Services,Moncks Corner,8/27/2021,0,0,2021-08-27 04:38:21,,
St. Stephen Elementary,St. Stephen,8/27/2021,0,9,2021-08-27 04:38:21,,
St. Stephen Middle,St. Stephen,8/27/2021,1,17,2021-08-27 04:38:21,,
Stratford High,Goose Creek,8/27/2021,3,38,2021-08-27 04:38:21,,
Teacher Forum,Moncks Corner,8/27/2021,0,0,2021-08-27 04:38:21,,
Technology,Moncks Corner,8/27/2021,1,0,2021-08-27 04:38:21,,
Timberland High,St. Stephen,8/27/2021,1,21,2021-08-27 04:38:21,,
Transportation - Cainhoy,Cainhoy,8/27/2021,1,0,2021-08-27 04:38:21,,
Transportation - Cross,Cross,8/27/2021,0,0,2021-08-27 04:38:21,,
Transportation - Goose Creek,Goose Creek,8/27/2021,0,0,2021-08-27 04:38:21,,
Transportation - Moncks Corner,Moncks Corner,8/27/2021,1,0,2021-08-27 04:38:21,,
Transportation - St. Stephen,St. Stephen,8/27/2021,0,0,2021-08-27 04:38:21,,
Westview Elementary,Goose Creek,8/27/2021,1,7,2021-08-27 04:38:21,,
Westview Middle,Goose Creek,8/27/2021,3,22,2021-08-27 04:38:21,,
Westview Primary,Goose Creek,8/27/2021,3,19,2021-08-27 04:38:21,,
Whitesville Elementary,Moncks Corner,8/27/2021,2,19,2021-08-27 04:38:21,,
Berkeley County School District,Berkeley County,8/30/2021,91,950,2021-08-30 04:13:50,,
Central Offices,Moncks Corner,8/30/2021,3,0,2021-08-30 04:13:50,,
Maintenance,Moncks Corner,8/30/2021,4,0,2021-08-30 04:13:50,,
Technology,Moncks Corner,8/30/2021,2,0,2021-08-30 04:13:50,,
Transportation,Berkeley County,8/30/2021,0,0,2021-08-30 04:13:50,,
Berkeley Alternative,Moncks Corner,8/30/2021,0,0,2021-08-30 04:13:50,,
Berkeley Elementary,Moncks Corner,8/30/2021,3,20,2021-08-30 04:13:50,,
Berkeley High School,Moncks Corner,8/30/2021,0,59,2021-08-30 04:13:50,,
Berkeley Intermediate,Moncks Corner,8/30/2021,2,19,2021-08-30 04:13:50,,
Berkeley Middle,Moncks Corner,8/30/2021,0,10,2021-08-30 04:13:50,,
Berkeley Middle College,Moncks Corner,8/30/2021,0,0,2021-08-30 04:13:50,,
Bonner Elementary,Moncks Corner,8/30/2021,6,31,2021-08-30 04:13:50,,
Boulder Bluff Elementary,Goose Creek,8/30/2021,1,14,2021-08-30 04:13:50,,
Bowens Corner Elementary,Hanahan,8/30/2021,0,15,2021-08-30 04:13:50,,
Cainhoy Elementary,Huger,8/30/2021,0,1,2021-08-30 04:13:50,,
Cane Bay Elementary,Summerville,8/30/2021,5,28,2021-08-30 04:13:50,,
Cane Bay High,Summerville,8/30/2021,6,67,2021-08-30 04:13:50,,
Cane Bay Middle,Summerville,8/30/2021,2,34,2021-08-30 04:13:50,,
College Park Elementary,Ladson,8/30/2021,1,18,2021-08-30 04:13:50,,
College Park Middle,Ladson,8/30/2021,2,19,2021-08-30 04:13:50,,
Cross Elementary,Cross,8/30/2021,1,3,2021-08-30 04:13:50,,
Cross High,Cross,8/30/2021,1,25,2021-08-30 04:13:50,,
Daniel Island School,Charleston,8/30/2021,1,19,2021-08-30 04:13:50,,
Devon Forest Elementary,Goose Creek,8/30/2021,1,16,2021-08-30 04:13:50,,
Foxbank Elementary,Moncks Corner,8/30/2021,0,23,2021-08-30 04:13:50,,
Goose Creek Elementary,Goose Creek,8/30/2021,2,15,2021-08-30 04:13:50,,
Goose Creek High,Goose Creek,8/30/2021,1,33,2021-08-30 04:13:50,,
Hanahan Elementary,Hanahan,8/30/2021,6,31,2021-08-30 04:13:50,,
Hanahan High,Hanahan,8/30/2021,2,17,2021-08-30 04:13:50,,
Hanahan Middle,Hanahan,8/30/2021,0,17,2021-08-30 04:13:50,,
Howe Hall Aims,Goose Creek,8/30/2021,1,15,2021-08-30 04:13:50,,
Jk Goudin Elementary,Pineville,8/30/2021,0,3,2021-08-30 04:13:50,,
Macedonia Middle,Moncks Corner,8/30/2021,0,17,2021-08-30 04:13:50,,
Marrington Elementary,Goose Creek,8/30/2021,4,20,2021-08-30 04:13:50,,
Marrington Middle,Goose Creek,8/30/2021,0,5,2021-08-30 04:13:50,,
Mt Holly Elementary,Goose Creek,8/30/2021,4,23,2021-08-30 04:13:50,,
Nexton Elementary,Summerville,8/30/2021,4,32,2021-08-30 04:13:50,,
Philip Simmons Elementary,Wando,8/30/2021,0,10,2021-08-30 04:13:50,,
Philip Simmons High,Charleston,8/30/2021,1,11,2021-08-30 04:13:50,,
Philip Simmons Middle,Wando,8/30/2021,0,3,2021-08-30 04:13:50,,
Sangaree Elementary,Summerville,8/30/2021,5,17,2021-08-30 04:13:50,,
Sangaree Intermediate,Summerville,8/30/2021,0,23,2021-08-30 04:13:50,,
Sangaree Middle,Ladson,8/30/2021,2,28,2021-08-30 04:13:50,,
Sedgefield Middle,Goose Creek,8/30/2021,1,29,2021-08-30 04:13:50,,
St Stephen Elementary,St. Stephen,8/30/2021,0,8,2021-08-30 04:13:50,,
St Stephen Middle,St. Stephen,8/30/2021,1,16,2021-08-30 04:13:50,,
Stratford High,Goose Creek,8/30/2021,4,46,2021-08-30 04:13:50,,
Timberland High,St. Stephen,8/30/2021,1,20,2021-08-30 04:13:50,,
Westview Elementary,Goose Creek,8/30/2021,3,12,2021-08-30 04:13:50,,
Westview Middle,Goose Creek,8/30/2021,3,23,2021-08-30 04:13:50,,
Westview Primary,Goose Creek,8/30/2021,2,22,2021-08-30 04:13:50,,
Whitesville Elementary,Moncks Corner,8/30/2021,3,33,2021-08-30 04:13:50,,
Berkeley County School District,Berkeley County,8/31/2021,99,1170,2021-08-31 06:03:52,,
Central Offices,Moncks Corner,8/31/2021,2,0,2021-08-31 06:03:52,,
Maintenance,Moncks Corner,8/31/2021,4,0,2021-08-31 06:03:52,,
Technology,Moncks Corner,8/31/2021,2,0,2021-08-31 06:03:52,,
Transportation,Berkeley County,8/31/2021,1,0,2021-08-31 06:03:52,,
Berkeley Alternative,Moncks Corner,8/31/2021,0,0,2021-08-31 06:03:52,,
Berkeley Elementary,Moncks Corner,8/31/2021,3,27,2021-08-31 06:03:52,,
Berkeley High School,Moncks Corner,8/31/2021,1,73,2021-08-31 06:03:52,,
Berkeley Intermediate,Moncks Corner,8/31/2021,2,22,2021-08-31 06:03:52,,
Berkeley Middle,Moncks Corner,8/31/2021,0,32,2021-08-31 06:03:52,,
Berkeley Middle College,Moncks Corner,8/31/2021,0,0,2021-08-31 06:03:52,,
Bonner Elementary,Moncks Corner,8/31/2021,7,35,2021-08-31 06:03:52,,
Boulder Bluff Elementary,Goose Creek,8/31/2021,1,15,2021-08-31 06:03:52,,
Bowens Corner Elementary,Hanahan,8/31/2021,0,18,2021-08-31 06:03:52,,
Cainhoy Elementary,Huger,8/31/2021,0,2,2021-08-31 06:03:52,,
Cane Bay Elementary,Summerville,8/31/2021,5,30,2021-08-31 06:03:52,,
Cane Bay High,Summerville,8/31/2021,5,75,2021-08-31 06:03:52,,
Cane Bay Middle,Summerville,8/31/2021,2,58,2021-08-31 06:03:52,,
College Park Elementary,Ladson,8/31/2021,2,17,2021-08-31 06:03:52,,
College Park Middle,Ladson,8/31/2021,2,25,2021-08-31 06:03:52,,
Cross Elementary,Cross,8/31/2021,1,3,2021-08-31 06:03:52,,
Cross High,Cross,8/31/2021,1,27,2021-08-31 06:03:52,,
Daniel Island School,Charleston,8/31/2021,1,20,2021-08-31 06:03:52,,
Devon Forest Elementary,Goose Creek,8/31/2021,1,18,2021-08-31 06:03:52,,
Foxbank Elementary,Moncks Corner,8/31/2021,0,31,2021-08-31 06:03:52,,
Goose Creek Elementary,Goose Creek,8/31/2021,2,23,2021-08-31 06:03:52,,
Goose Creek High,Goose Creek,8/31/2021,1,40,2021-08-31 06:03:52,,
Hanahan Elementary,Hanahan,8/31/2021,6,41,2021-08-31 06:03:52,,
Hanahan High,Hanahan,8/31/2021,2,28,2021-08-31 06:03:52,,
Hanahan Middle,Hanahan,8/31/2021,1,17,2021-08-31 06:03:52,,
Howe Hall Aims,Goose Creek,8/31/2021,1,17,2021-08-31 06:03:52,,
Jk Goudin Elementary,Pineville,8/31/2021,0,3,2021-08-31 06:03:52,,
Macedonia Middle,Moncks Corner,8/31/2021,0,18,2021-08-31 06:03:52,,
Marrington Elementary,Goose Creek,8/31/2021,5,21,2021-08-31 06:03:52,,
Marrington Middle,Goose Creek,8/31/2021,0,5,2021-08-31 06:03:52,,
Mt Holly Elementary,Goose Creek,8/31/2021,4,27,2021-08-31 06:03:52,,
Nexton Elementary,Summerville,8/31/2021,5,35,2021-08-31 06:03:52,,
Philip Simmons Elementary,Wando,8/31/2021,1,9,2021-08-31 06:03:52,,
Philip Simmons High,Charleston,8/31/2021,1,12,2021-08-31 06:03:52,,
Philip Simmons Middle,Wando,8/31/2021,0,3,2021-08-31 06:03:52,,
Sangaree Elementary,Summerville,8/31/2021,7,39,2021-08-31 06:03:52,,
Sangaree Intermediate,Summerville,8/31/2021,0,24,2021-08-31 06:03:52,,
Sangaree Middle,Ladson,8/31/2021,2,40,2021-08-31 06:03:52,,
Sedgefield Middle,Goose Creek,8/31/2021,0,34,2021-08-31 06:03:52,,
St Stephen Elementary,St. Stephen,8/31/2021,0,13,2021-08-31 06:03:52,,
St Stephen Middle,St. Stephen,8/31/2021,1,18,2021-08-31 06:03:52,,
Stratford High,Goose Creek,8/31/2021,4,45,2021-08-31 06:03:52,,
Timberland High,St. Stephen,8/31/2021,1,25,2021-08-31 06:03:52,,
Westview Elementary,Goose Creek,8/31/2021,3,14,2021-08-31 06:03:52,,
Westview Middle,Goose Creek,8/31/2021,3,29,2021-08-31 06:03:52,,
Westview Primary,Goose Creek,8/31/2021,2,22,2021-08-31 06:03:52,,
Whitesville Elementary,Moncks Corner,8/31/2021,4,40,2021-08-31 06:03:52,,
Berkeley County School District,Berkeley County,9/1/2021,108,1336,2021-09-01 03:27:59,,
Central Offices,Moncks Corner,9/1/2021,1,0,2021-09-01 03:27:59,,
Maintenance,Moncks Corner,9/1/2021,4,0,2021-09-01 03:27:59,,
Technology,Moncks Corner,9/1/2021,2,0,2021-09-01 03:27:59,,
Transportation,Berkeley County,9/1/2021,1,0,2021-09-01 03:27:59,,
Berkeley Alternative,Moncks Corner,9/1/2021,0,0,2021-09-01 03:27:59,,
Berkeley Elementary,Moncks Corner,9/1/2021,3,31,2021-09-01 03:27:59,,
Berkeley High School,Moncks Corner,9/1/2021,2,78,2021-09-01 03:27:59,,
Berkeley Intermediate,Moncks Corner,9/1/2021,2,25,2021-09-01 03:27:59,,
Berkeley Middle,Moncks Corner,9/1/2021,6,92,2021-09-01 03:27:59,,
Berkeley Middle College,Moncks Corner,9/1/2021,0,1,2021-09-01 03:27:59,,
Bonner Elementary,Moncks Corner,9/1/2021,7,37,2021-09-01 03:27:59,,
Boulder Bluff Elementary,Goose Creek,9/1/2021,1,15,2021-09-01 03:27:59,,
Bowens Corner Elementary,Hanahan,9/1/2021,0,20,2021-09-01 03:27:59,,
Cainhoy Elementary,Huger,9/1/2021,0,2,2021-09-01 03:27:59,,
Cane Bay Elementary,Summerville,9/1/2021,5,32,2021-09-01 03:27:59,,
Cane Bay High,Summerville,9/1/2021,4,66,2021-09-01 03:27:59,,
Cane Bay Middle,Summerville,9/1/2021,3,66,2021-09-01 03:27:59,,
College Park Elementary,Ladson,9/1/2021,3,20,2021-09-01 03:27:59,,
College Park Middle,Ladson,9/1/2021,2,27,2021-09-01 03:27:59,,
Cross Elementary,Cross,9/1/2021,1,2,2021-09-01 03:27:59,,
Cross High,Cross,9/1/2021,1,27,2021-09-01 03:27:59,,
Daniel Island School,Charleston,9/1/2021,1,20,2021-09-01 03:27:59,,
Devon Forest Elementary,Goose Creek,9/1/2021,1,20,2021-09-01 03:27:59,,
Foxbank Elementary,Moncks Corner,9/1/2021,0,35,2021-09-01 03:27:59,,
Goose Creek Elementary,Goose Creek,9/1/2021,2,21,2021-09-01 03:27:59,,
Goose Creek High,Goose Creek,9/1/2021,1,42,2021-09-01 03:27:59,,
Hanahan Elementary,Hanahan,9/1/2021,5,46,2021-09-01 03:27:59,,
Hanahan High,Hanahan,9/1/2021,2,28,2021-09-01 03:27:59,,
Hanahan Middle,Hanahan,9/1/2021,1,22,2021-09-01 03:27:59,,
Howe Hall Aims,Goose Creek,9/1/2021,1,18,2021-09-01 03:27:59,,
Jk Goudin Elementary,Pineville,9/1/2021,0,3,2021-09-01 03:27:59,,
Macedonia Middle,Moncks Corner,9/1/2021,0,19,2021-09-01 03:27:59,,
Marrington Elementary,Goose Creek,9/1/2021,5,23,2021-09-01 03:27:59,,
Marrington Middle,Goose Creek,9/1/2021,0,4,2021-09-01 03:27:59,,
Mt Holly Elementary,Goose Creek,9/1/2021,5,38,2021-09-01 03:27:59,,
Nexton Elementary,Summerville,9/1/2021,5,38,2021-09-01 03:27:59,,
Philip Simmons Elementary,Wando,9/1/2021,1,10,2021-09-01 03:27:59,,
Philip Simmons High,Charleston,9/1/2021,1,12,2021-09-01 03:27:59,,
Philip Simmons Middle,Wando,9/1/2021,0,4,2021-09-01 03:27:59,,
Sangaree Elementary,Summerville,9/1/2021,9,38,2021-09-01 03:27:59,,
Sangaree Intermediate,Summerville,9/1/2021,1,24,2021-09-01 03:27:59,,
Sangaree Middle,Ladson,9/1/2021,1,46,2021-09-01 03:27:59,,
Sedgefield Middle,Goose Creek,9/1/2021,0,40,2021-09-01 03:27:59,,
St Stephen Elementary,St. Stephen,9/1/2021,0,14,2021-09-01 03:27:59,,
St Stephen Middle,St. Stephen,9/1/2021,1,22,2021-09-01 03:27:59,,
Stratford High,Goose Creek,9/1/2021,4,59,2021-09-01 03:27:59,,
Timberland High,St. Stephen,9/1/2021,2,42,2021-09-01 03:27:59,,
Westview Elementary,Goose Creek,9/1/2021,3,13,2021-09-01 03:27:59,,
Westview Middle,Goose Creek,9/1/2021,3,29,2021-09-01 03:27:59,,
Westview Primary,Goose Creek,9/1/2021,1,21,2021-09-01 03:27:59,,
Whitesville Elementary,Moncks Corner,9/1/2021,4,44,2021-09-01 03:27:59,,
Berkeley County School District,Berkeley County,9/2/2021,121,1456,2021-09-02 03:50:34,,
Central Offices,Moncks Corner,9/2/2021,2,0,2021-09-02 03:50:34,,
Maintenance,Moncks Corner,9/2/2021,4,0,2021-09-02 03:50:34,,
Technology,Moncks Corner,9/2/2021,2,0,2021-09-02 03:50:34,,
Transportation,Berkeley County,9/2/2021,1,0,2021-09-02 03:50:34,,
Berkeley Alternative,Moncks Corner,9/2/2021,0,0,2021-09-02 03:50:34,,
Berkeley Elementary,Moncks Corner,9/2/2021,8,32,2021-09-02 03:50:34,,
Berkeley High School,Moncks Corner,9/2/2021,2,69,2021-09-02 03:50:34,,
Berkeley Intermediate,Moncks Corner,9/2/2021,3,25,2021-09-02 03:50:34,,
Berkeley Middle,Moncks Corner,9/2/2021,5,102,2021-09-02 03:50:34,,
Berkeley Middle College,Moncks Corner,9/2/2021,0,1,2021-09-02 03:50:34,,
Bonner Elementary,Moncks Corner,9/2/2021,7,38,2021-09-02 03:50:34,,
Boulder Bluff Elementary,Goose Creek,9/2/2021,1,15,2021-09-02 03:50:34,,
Bowens Corner Elementary,Hanahan,9/2/2021,0,24,2021-09-02 03:50:34,,
Cainhoy Elementary,Huger,9/2/2021,0,2,2021-09-02 03:50:34,,
Cane Bay Elementary,Summerville,9/2/2021,5,36,2021-09-02 03:50:34,,
Cane Bay High,Summerville,9/2/2021,4,77,2021-09-02 03:50:34,,
Cane Bay Middle,Summerville,9/2/2021,3,65,2021-09-02 03:50:34,,
College Park Elementary,Ladson,9/2/2021,3,20,2021-09-02 03:50:34,,
College Park Middle,Ladson,9/2/2021,2,24,2021-09-02 03:50:34,,
Cross Elementary,Cross,9/2/2021,2,3,2021-09-02 03:50:34,,
Cross High,Cross,9/2/2021,1,27,2021-09-02 03:50:34,,
Daniel Island School,Charleston,9/2/2021,1,23,2021-09-02 03:50:34,,
Devon Forest Elementary,Goose Creek,9/2/2021,1,23,2021-09-02 03:50:34,,
Foxbank Elementary,Moncks Corner,9/2/2021,0,36,2021-09-02 03:50:34,,
Goose Creek Elementary,Goose Creek,9/2/2021,3,24,2021-09-02 03:50:34,,
Goose Creek High,Goose Creek,9/2/2021,1,44,2021-09-02 03:50:34,,
Hanahan Elementary,Hanahan,9/2/2021,5,49,2021-09-02 03:50:34,,
Hanahan High,Hanahan,9/2/2021,2,30,2021-09-02 03:50:34,,
Hanahan Middle,Hanahan,9/2/2021,1,23,2021-09-02 03:50:34,,
Howe Hall Aims,Goose Creek,9/2/2021,1,22,2021-09-02 03:50:34,,
Jk Goudin Elementary,Pineville,9/2/2021,0,3,2021-09-02 03:50:34,,
Macedonia Middle,Moncks Corner,9/2/2021,0,20,2021-09-02 03:50:34,,
Marrington Elementary,Goose Creek,9/2/2021,5,24,2021-09-02 03:50:34,,
Marrington Middle,Goose Creek,9/2/2021,0,13,2021-09-02 03:50:34,,
Mt Holly Elementary,Goose Creek,9/2/2021,6,41,2021-09-02 03:50:34,,
Nexton Elementary,Summerville,9/2/2021,5,41,2021-09-02 03:50:34,,
Philip Simmons Elementary,Wando,9/2/2021,1,9,2021-09-02 03:50:34,,
Philip Simmons High,Charleston,9/2/2021,1,12,2021-09-02 03:50:34,,
Philip Simmons Middle,Wando,9/2/2021,0,6,2021-09-02 03:50:34,,
Sangaree Elementary,Summerville,9/2/2021,9,45,2021-09-02 03:50:34,,
Sangaree Intermediate,Summerville,9/2/2021,1,29,2021-09-02 03:50:34,,
Sangaree Middle,Ladson,9/2/2021,1,50,2021-09-02 03:50:34,,
Sedgefield Middle,Goose Creek,9/2/2021,0,43,2021-09-02 03:50:34,,
St Stephen Elementary,St. Stephen,9/2/2021,0,15,2021-09-02 03:50:34,,
St Stephen Middle,St. Stephen,9/2/2021,1,24,2021-09-02 03:50:34,,
Stratford High,Goose Creek,9/2/2021,6,89,2021-09-02 03:50:34,,
Timberland High,St. Stephen,9/2/2021,2,46,2021-09-02 03:50:34,,
Westview Elementary,Goose Creek,9/2/2021,4,14,2021-09-02 03:50:34,,
Westview Middle,Goose Creek,9/2/2021,3,30,2021-09-02 03:50:34,,
Westview Primary,Goose Creek,9/2/2021,1,22,2021-09-02 03:50:34,,
Whitesville Elementary,Moncks Corner,9/2/2021,5,46,2021-09-02 03:50:34,,
Berkeley County School District,Berkeley County,9/3/2021,135,1588,2021-09-03 04:35:34,,
Central Offices,Moncks Corner,9/3/2021,2,0,2021-09-03 04:35:34,,
Central Offices,Moncks Corner,9/3/2021,2,0,2021-09-03 04:35:34,,
Technology,Moncks Corner,9/3/2021,3,0,2021-09-03 04:35:34,,
Transportation,Berkeley County,9/3/2021,5,0,2021-09-03 04:35:34,,
Transportation,Berkeley County,9/3/2021,5,0,2021-09-03 04:35:34,,
Berkeley Alternative,Moncks Corner,9/3/2021,0,0,2021-09-03 04:35:34,,
Berkeley Alternative,Moncks Corner,9/3/2021,0,0,2021-09-03 04:35:34,,
Berkeley Intermediate,Moncks Corner,9/3/2021,5,29,2021-09-03 04:35:34,,
Berkeley Middle,Moncks Corner,9/3/2021,7,104,2021-09-03 04:35:34,,
Berkeley Middle College,Moncks Corner,9/3/2021,0,1,2021-09-03 04:35:34,,
Bonner Elementary,Moncks Corner,9/3/2021,7,38,2021-09-03 04:35:34,,
Bonner Elementary,Moncks Corner,9/3/2021,7,38,2021-09-03 04:35:34,,
Bowens Corner Elementary,Hanahan,9/3/2021,0,24,2021-09-03 04:35:34,,
Cainhoy Elementary,Huger,9/3/2021,0,2,2021-09-03 04:35:34,,
Cane Bay Elementary,Summerville,9/3/2021,6,37,2021-09-03 04:35:34,,
Cane Bay High,Summerville,9/3/2021,5,71,2021-09-03 04:35:34,,
Cane Bay Middle,Summerville,9/3/2021,2,88,2021-09-03 04:35:34,,
College Park Elementary,Ladson,9/3/2021,3,19,2021-09-03 04:35:34,,
College Park Middle,Ladson,9/3/2021,1,29,2021-09-03 04:35:34,,
Cross Elementary,Cross,9/3/2021,3,10,2021-09-03 04:35:34,,
Cross High,Cross,9/3/2021,0,28,2021-09-03 04:35:34,,
Daniel Island School,Charleston,9/3/2021,1,21,2021-09-03 04:35:34,,
Devon Forest Elementary,Goose Creek,9/3/2021,2,25,2021-09-03 04:35:34,,
Foxbank Elementary,Moncks Corner,9/3/2021,0,37,2021-09-03 04:35:34,,
Goose Creek Elementary,Goose Creek,9/3/2021,4,25,2021-09-03 04:35:34,,
Goose Creek High,Goose Creek,9/3/2021,1,51,2021-09-03 04:35:34,,
Hanahan Elementary,Hanahan,9/3/2021,5,52,2021-09-03 04:35:34,,
Hanahan High,Hanahan,9/3/2021,0,31,2021-09-03 04:35:34,,
Hanahan Middle,Hanahan,9/3/2021,1,25,2021-09-03 04:35:34,,
Howe Hall Aims,Goose Creek,9/3/2021,0,25,2021-09-03 04:35:34,,
Jk Goudin Elementary,Pineville,9/3/2021,0,4,2021-09-03 04:35:34,,
Macedonia Middle,Moncks Corner,9/3/2021,0,25,2021-09-03 04:35:34,,
Marrington Elementary,Goose Creek,9/3/2021,5,24,2021-09-03 04:35:34,,
Marrington Middle,Goose Creek,9/3/2021,0,14,2021-09-03 04:35:34,,
Mt Holly Elementary,Goose Creek,9/3/2021,6,48,2021-09-03 04:35:34,,
Nexton Elementary,Summerville,9/3/2021,6,45,2021-09-03 04:35:34,,
Philip Simmons Elementary,Wando,9/3/2021,1,9,2021-09-03 04:35:34,,
Philip Simmons High,Charleston,9/3/2021,1,10,2021-09-03 04:35:34,,
Philip Simmons Middle,Wando,9/3/2021,0,5,2021-09-03 04:35:34,,
Sangaree Elementary,Summerville,9/3/2021,10,48,2021-09-03 04:35:34,,
Sangaree Elementary,Summerville,9/3/2021,10,48,2021-09-03 04:35:34,,
Sangaree Middle,Ladson,9/3/2021,1,54,2021-09-03 04:35:34,,
Sedgefield Middle,Goose Creek,9/3/2021,0,46,2021-09-03 04:35:34,,
St Stephen Elementary,St. Stephen,9/3/2021,0,15,2021-09-03 04:35:34,,
St Stephen Middle,St. Stephen,9/3/2021,1,25,2021-09-03 04:35:34,,
Stratford High,Goose Creek,9/3/2021,6,116,2021-09-03 04:35:34,,
Timberland High,St. Stephen,9/3/2021,1,49,2021-09-03 04:35:34,,
Timberland High,St. Stephen,9/3/2021,1,49,2021-09-03 04:35:34,,
Westview Middle,Goose Creek,9/3/2021,3,35,2021-09-03 04:35:34,,
Westview Middle,Goose Creek,9/3/2021,3,35,2021-09-03 04:35:34,,
Whitesville Elementary,Moncks Corner,9/3/2021,7,49,2021-09-03 04:35:34,,
Berkeley County School District,Berkeley County,9/7/2021,76,886,2021-09-07 03:40:47,,
Central Offices,Moncks Corner,9/7/2021,0,0,2021-09-07 03:40:47,,
Maintenance,Moncks Corner,9/7/2021,0,0,2021-09-07 03:40:47,,
Technology,Moncks Corner,9/7/2021,2,0,2021-09-07 03:40:47,,
Transportation,Berkeley County,9/7/2021,2,0,2021-09-07 03:40:47,,
Berkeley Alternative,Moncks Corner,9/7/2021,0,0,2021-09-07 03:40:47,,
Berkeley Elementary,Moncks Corner,9/7/2021,3,20,2021-09-07 03:40:47,,
Berkeley High School,Moncks Corner,9/7/2021,4,19,2021-09-07 03:40:47,,
Berkeley Intermediate,Moncks Corner,9/7/2021,5,29,2021-09-07 03:40:47,,
Berkeley Middle,Moncks Corner,9/7/2021,7,67,2021-09-07 03:40:47,,
Berkeley Middle College,Moncks Corner,9/7/2021,0,1,2021-09-07 03:40:47,,
Bonner Elementary,Moncks Corner,9/7/2021,2,12,2021-09-07 03:40:47,,
Boulder Bluff Elementary,Goose Creek,9/7/2021,0,7,2021-09-07 03:40:47,,
Bowens Corner Elementary,Hanahan,9/7/2021,2,16,2021-09-07 03:40:47,,
Cainhoy Elementary,Huger,9/7/2021,0,1,2021-09-07 03:40:47,,
Cane Bay Elementary,Summerville,9/7/2021,4,16,2021-09-07 03:40:47,,
Cane Bay High,Summerville,9/7/2021,0,28,2021-09-07 03:40:47,,
Cane Bay Middle,Summerville,9/7/2021,3,77,2021-09-07 03:40:47,,
College Park Elementary,Ladson,9/7/2021,1,11,2021-09-07 03:40:47,,
College Park Middle,Ladson,9/7/2021,0,7,2021-09-07 03:40:47,,
Cross Elementary,Cross,9/7/2021,2,9,2021-09-07 03:40:47,,
Cross High,Cross,9/7/2021,0,7,2021-09-07 03:40:47,,
Daniel Island School,Charleston,9/7/2021,0,8,2021-09-07 03:40:47,,
Devon Forest Elementary,Goose Creek,9/7/2021,2,14,2021-09-07 03:40:47,,
Foxbank Elementary,Moncks Corner,9/7/2021,0,15,2021-09-07 03:40:47,,
Goose Creek Elementary,Goose Creek,9/7/2021,0,19,2021-09-07 03:40:47,,
Goose Creek High,Goose Creek,9/7/2021,0,27,2021-09-07 03:40:47,,
Hanahan Elementary,Hanahan,9/7/2021,3,21,2021-09-07 03:40:47,,
Hanahan High,Hanahan,9/7/2021,0,10,2021-09-07 03:40:47,,
Hanahan Middle,Hanahan,9/7/2021,1,13,2021-09-07 03:40:47,,
Howe Hall Aims,Goose Creek,9/7/2021,0,21,2021-09-07 03:40:47,,
Jk Goudin Elementary,Pineville,9/7/2021,0,2,2021-09-07 03:40:47,,
Macedonia Middle,Moncks Corner,9/7/2021,0,21,2021-09-07 03:40:47,,
Marrington Elementary,Goose Creek,9/7/2021,3,19,2021-09-07 03:40:47,,
Marrington Middle,Goose Creek,9/7/2021,0,8,2021-09-07 03:40:47,,
Mt Holly Elementary,Goose Creek,9/7/2021,2,30,2021-09-07 03:40:47,,
Nexton Elementary,Summerville,9/7/2021,4,24,2021-09-07 03:40:47,,
Philip Simmons Elementary,Wando,9/7/2021,1,5,2021-09-07 03:40:47,,
Philip Simmons High,Charleston,9/7/2021,0,3,2021-09-07 03:40:47,,
Philip Simmons Middle,Wando,9/7/2021,0,4,2021-09-07 03:40:47,,
Sangaree Elementary,Summerville,9/7/2021,5,39,2021-09-07 03:40:47,,
Sangaree Intermediate,Summerville,9/7/2021,2,29,2021-09-07 03:40:47,,
Sangaree Middle,Ladson,9/7/2021,0,23,2021-09-07 03:40:47,,
Sedgefield Middle,Goose Creek,9/7/2021,0,31,2021-09-07 03:40:47,,
St Stephen Elementary,St. Stephen,9/7/2021,0,13,2021-09-07 03:40:47,,
St Stephen Middle,St. Stephen,9/7/2021,0,8,2021-09-07 03:40:47,,
Stratford High,Goose Creek,9/7/2021,3,49,2021-09-07 03:40:47,,
Timberland High,St. Stephen,9/7/2021,4,22,2021-09-07 03:40:47,,
Westview Elementary,Goose Creek,9/7/2021,3,13,2021-09-07 03:40:47,,
Westview Middle,Goose Creek,9/7/2021,1,13,2021-09-07 03:40:47,,
Westview Primary,Goose Creek,9/7/2021,0,15,2021-09-07 03:40:47,,
Whitesville Elementary,Moncks Corner,9/7/2021,5,40,2021-09-07 03:40:47,,
Berkeley County School District,,9/8/2021,86,836,2021-09-08 07:21:13,42,3486
Central Offices,,9/8/2021,0,0,2021-09-08 07:21:13,0,0
Maintenance,,9/8/2021,0,0,2021-09-08 07:21:13,0,0
Technology,,9/8/2021,2,0,2021-09-08 07:21:13,1,0
Transportation,,9/8/2021,2,0,2021-09-08 07:21:13,1,0
Berkeley Alternative,,9/8/2021,0,0,2021-09-08 07:21:13,0,0
Berkeley Elementary,,9/8/2021,2,20,2021-09-08 07:21:13,0,30
Berkeley High School,,9/8/2021,3,32,2021-09-08 07:21:13,1,148
Berkeley Intermediate,,9/8/2021,3,20,2021-09-08 07:21:13,4,110
Berkeley Middle,,9/8/2021,9,67,2021-09-08 07:21:13,1,242
Berkeley Middle College,,9/8/2021,0,0,2021-09-08 07:21:13,0,0
Bonner Elementary,,9/8/2021,4,17,2021-09-08 07:21:13,0,80
Boulder Bluff Elementary,,9/8/2021,1,10,2021-09-08 07:21:13,0,52
Bowens Corner Elementary,,9/8/2021,2,14,2021-09-08 07:21:13,0,59
Cainhoy Elementary,,9/8/2021,0,3,2021-09-08 07:21:13,0,13
Cane Bay Elementary,,9/8/2021,4,16,2021-09-08 07:21:13,3,92
Cane Bay High,,9/8/2021,1,24,2021-09-08 07:21:13,1,179
Cane Bay Middle,,9/8/2021,2,63,2021-09-08 07:21:13,4,262
College Park Elementary,,9/8/2021,1,8,2021-09-08 07:21:13,4,52
College Park Middle,,9/8/2021,0,8,2021-09-08 07:21:13,0,36
Cross Elementary,,9/8/2021,1,8,2021-09-08 07:21:13,0,62
Cross High,,9/8/2021,0,3,2021-09-08 07:21:13,0,6
Daniel Island School,,9/8/2021,0,7,2021-09-08 07:21:13,0,40
Devon Forest Elementary,,9/8/2021,5,13,2021-09-08 07:21:13,3,61
Fishburne Campus,,9/8/2021,1,0,2021-09-08 07:21:13,0,0
Foxbank Elementary,,9/8/2021,0,12,2021-09-08 07:21:13,0,41
Goose Creek Elementary,,9/8/2021,0,15,2021-09-08 07:21:13,0,35
Goose Creek High,,9/8/2021,0,33,2021-09-08 07:21:13,0,137
Hanahan Elementary,,9/8/2021,3,21,2021-09-08 07:21:13,3,59
Hanahan High,,9/8/2021,0,12,2021-09-08 07:21:13,0,58
Hanahan Middle,,9/8/2021,1,11,2021-09-08 07:21:13,0,63
Howe Hall Aims,,9/8/2021,0,20,2021-09-08 07:21:13,0,47
Jk Goudin Elementary,,9/8/2021,0,1,2021-09-08 07:21:13,0,5
Macedonia Middle,,9/8/2021,1,25,2021-09-08 07:21:13,0,63
Marrington Elementary,,9/8/2021,1,13,2021-09-08 07:21:13,1,36
Marrington Middle,,9/8/2021,0,10,2021-09-08 07:21:13,2,44
Mt Holly Elementary,,9/8/2021,2,25,2021-09-08 07:21:13,0,24
Nexton Elementary,,9/8/2021,7,28,2021-09-08 07:21:13,2,88
Philip Simmons Elementary,,9/8/2021,1,5,2021-09-08 07:21:13,0,20
Philip Simmons High,,9/8/2021,0,4,2021-09-08 07:21:13,0,12
Philip Simmons Middle,,9/8/2021,0,6,2021-09-08 07:21:13,0,48
Sangaree Elementary,,9/8/2021,6,31,2021-09-08 07:21:13,2,87
Sangaree Intermediate,,9/8/2021,2,15,2021-09-08 07:21:13,0,47
Sangaree Middle,,9/8/2021,0,26,2021-09-08 07:21:13,1,209
Sedgefield Middle,,9/8/2021,2,32,2021-09-08 07:21:13,0,314
St Stephen Elementary,,9/8/2021,0,6,2021-09-08 07:21:13,0,29
St Stephen Middle,,9/8/2021,0,5,2021-09-08 07:21:13,0,12
Stratford High,,9/8/2021,3,45,2021-09-08 07:21:13,0,196
Timberland High,,9/8/2021,4,30,2021-09-08 07:21:13,1,61
Westview Elementary,,9/8/2021,3,11,2021-09-08 07:21:13,0,62
Westview Middle,,9/8/2021,1,14,2021-09-08 07:21:13,0,33
Westview Primary,,9/8/2021,0,9,2021-09-08 07:21:13,3,29
Whitesville Elementary,,9/8/2021,6,38,2021-09-08 07:21:13,4,103
Berkeley County School District,,9/9/2021,81,851,2021-09-09 04:06:34,37,3735
Central Offices,,9/9/2021,0,0,2021-09-09 04:06:34,0,0
Maintenance,,9/9/2021,0,0,2021-09-09 04:06:34,0,0
Technology,,9/9/2021,2,0,2021-09-09 04:06:34,1,0
Transportation,,9/9/2021,2,0,2021-09-09 04:06:34,1,0
Berkeley Alternative,,9/9/2021,0,0,2021-09-09 04:06:34,0,0
Berkeley Elementary,,9/9/2021,2,20,2021-09-09 04:06:34,0,30
Berkeley High School,,9/9/2021,3,35,2021-09-09 04:06:34,1,212
Berkeley Intermediate,,9/9/2021,3,24,2021-09-09 04:06:34,4,120
Berkeley Middle,,9/9/2021,6,63,2021-09-09 04:06:34,1,238
Berkeley Middle College,,9/9/2021,0,0,2021-09-09 04:06:34,0,0
Bonner Elementary,,9/9/2021,4,20,2021-09-09 04:06:34,0,75
Boulder Bluff Elementary,,9/9/2021,1,9,2021-09-09 04:06:34,0,55
Bowens Corner Elementary,,9/9/2021,2,15,2021-09-09 04:06:34,0,61
Cainhoy Elementary,,9/9/2021,0,3,2021-09-09 04:06:34,0,13
Cane Bay Elementary,,9/9/2021,2,16,2021-09-09 04:06:34,3,100
Cane Bay High,,9/9/2021,1,24,2021-09-09 04:06:34,1,164
Cane Bay Middle,,9/9/2021,2,63,2021-09-09 04:06:34,4,272
College Park Elementary,,9/9/2021,0,8,2021-09-09 04:06:34,3,48
College Park Middle,,9/9/2021,0,10,2021-09-09 04:06:34,0,48
Cross Elementary,,9/9/2021,1,6,2021-09-09 04:06:34,0,62
Cross High,,9/9/2021,0,3,2021-09-09 04:06:34,0,6
Daniel Island School,,9/9/2021,0,9,2021-09-09 04:06:34,0,57
Devon Forest Elementary,,9/9/2021,5,11,2021-09-09 04:06:34,3,62
Fishburne Campus,,9/9/2021,1,0,2021-09-09 04:06:34,0,0
Foxbank Elementary,,9/9/2021,0,12,2021-09-09 04:06:34,0,51
Goose Creek Elementary,,9/9/2021,0,18,2021-09-09 04:06:34,0,49
Goose Creek High,,9/9/2021,0,30,2021-09-09 04:06:34,0,140
Hanahan Elementary,,9/9/2021,1,20,2021-09-09 04:06:34,2,64
Hanahan High,,9/9/2021,0,12,2021-09-09 04:06:34,0,70
Hanahan Middle,,9/9/2021,2,12,2021-09-09 04:06:34,0,67
Howe Hall Aims,,9/9/2021,0,19,2021-09-09 04:06:34,0,48
Jk Goudin Elementary,,9/9/2021,0,2,2021-09-09 04:06:34,0,6
Macedonia Middle,,9/9/2021,1,25,2021-09-09 04:06:34,0,61
Marrington Elementary,,9/9/2021,1,13,2021-09-09 04:06:34,1,35
Marrington Middle,,9/9/2021,0,12,2021-09-09 04:06:34,2,45
Mt Holly Elementary,,9/9/2021,2,25,2021-09-09 04:06:34,0,24
Nexton Elementary,,9/9/2021,7,25,2021-09-09 04:06:34,1,77
Philip Simmons Elementary,,9/9/2021,1,4,2021-09-09 04:06:34,0,21
Philip Simmons High,,9/9/2021,0,4,2021-09-09 04:06:34,0,12
Philip Simmons Middle,,9/9/2021,0,7,2021-09-09 04:06:34,0,54
Sangaree Elementary,,9/9/2021,5,30,2021-09-09 04:06:34,2,84
Sangaree Intermediate,,9/9/2021,2,16,2021-09-09 04:06:34,0,46
Sangaree Middle,,9/9/2021,0,25,2021-09-09 04:06:34,1,202
Sedgefield Middle,,9/9/2021,3,32,2021-09-09 04:06:34,0,324
St Stephen Elementary,,9/9/2021,0,6,2021-09-09 04:06:34,0,33
St Stephen Middle,,9/9/2021,0,4,2021-09-09 04:06:34,0,10
Stratford High,,9/9/2021,3,42,2021-09-09 04:06:34,0,220
Timberland High,,9/9/2021,4,33,2021-09-09 04:06:34,1,65
Westview Elementary,,9/9/2021,2,12,2021-09-09 04:06:34,0,63
Westview Middle,,9/9/2021,1,16,2021-09-09 04:06:34,0,63
Westview Primary,,9/9/2021,1,14,2021-09-09 04:06:34,3,67
Whitesville Elementary,,9/9/2021,8,42,2021-09-09 04:06:34,2,111
Berkeley County School District,,9/10/2021,83,816,2021-09-10 04:36:19,51,3699
Central Offices,,9/10/2021,1,0,2021-09-10 04:36:19,0,0
Maintenance,,9/10/2021,0,0,2021-09-10 04:36:19,0,0
Technology,,9/10/2021,1,0,2021-09-10 04:36:19,1,0
Transportation,,9/10/2021,2,0,2021-09-10 04:36:19,2,0
Berkeley Alternative,,9/10/2021,0,0,2021-09-10 04:36:19,0,0
Berkeley Elementary,,9/10/2021,2,17,2021-09-10 04:36:19,0,28
Berkeley High School,,9/10/2021,5,37,2021-09-10 04:36:19,1,200
Berkeley Intermediate,,9/10/2021,3,22,2021-09-10 04:36:19,4,106
Berkeley Middle,,9/10/2021,5,57,2021-09-10 04:36:19,1,238
Berkeley Middle College,,9/10/2021,0,0,2021-09-10 04:36:19,0,0
Bonner Elementary,,9/10/2021,4,18,2021-09-10 04:36:19,0,74
Boulder Bluff Elementary,,9/10/2021,1,12,2021-09-10 04:36:19,0,64
Bowens Corner Elementary,,9/10/2021,1,15,2021-09-10 04:36:19,0,48
Cainhoy Elementary,,9/10/2021,0,2,2021-09-10 04:36:19,0,13
Cane Bay Elementary,,9/10/2021,1,16,2021-09-10 04:36:19,3,92
Cane Bay High,,9/10/2021,3,28,2021-09-10 04:36:19,1,184
Cane Bay Middle,,9/10/2021,2,62,2021-09-10 04:36:19,4,301
College Park Elementary,,9/10/2021,1,8,2021-09-10 04:36:19,4,31
College Park Middle,,9/10/2021,0,7,2021-09-10 04:36:19,0,41
Cross Elementary,,9/10/2021,1,8,2021-09-10 04:36:19,0,66
Cross High,,9/10/2021,0,3,2021-09-10 04:36:19,0,6
Daniel Island School,,9/10/2021,0,9,2021-09-10 04:36:19,0,56
Devon Forest Elementary,,9/10/2021,5,11,2021-09-10 04:36:19,3,59
Fishburne Campus,,9/10/2021,1,0,2021-09-10 04:36:19,0,0
Foxbank Elementary,,9/10/2021,1,11,2021-09-10 04:36:19,3,55
Goose Creek Elementary,,9/10/2021,0,17,2021-09-10 04:36:19,0,38
Goose Creek High,,9/10/2021,1,32,2021-09-10 04:36:19,0,163
Hanahan Elementary,,9/10/2021,2,13,2021-09-10 04:36:19,3,45
Hanahan High,,9/10/2021,0,11,2021-09-10 04:36:19,0,57
Hanahan Middle,,9/10/2021,1,10,2021-09-10 04:36:19,0,52
Howe Hall Aims,,9/10/2021,0,20,2021-09-10 04:36:19,0,51
Jk Goudin Elementary,,9/10/2021,0,2,2021-09-10 04:36:19,0,4
Macedonia Middle,,9/10/2021,1,23,2021-09-10 04:36:19,0,61
Marrington Elementary,,9/10/2021,0,9,2021-09-10 04:36:19,1,31
Marrington Middle,,9/10/2021,0,12,2021-09-10 04:36:19,2,51
Mt Holly Elementary,,9/10/2021,2,21,2021-09-10 04:36:19,0,21
Nexton Elementary,,9/10/2021,6,28,2021-09-10 04:36:19,1,77
Philip Simmons Elementary,,9/10/2021,0,3,2021-09-10 04:36:19,0,21
Philip Simmons High,,9/10/2021,0,3,2021-09-10 04:36:19,0,9
Philip Simmons Middle,,9/10/2021,0,6,2021-09-10 04:36:19,0,36
Sangaree Elementary,,9/10/2021,4,28,2021-09-10 04:36:19,2,64
Sangaree Intermediate,,9/10/2021,2,17,2021-09-10 04:36:19,0,53
Sangaree Middle,,9/10/2021,3,22,2021-09-10 04:36:19,2,203
Sedgefield Middle,,9/10/2021,3,33,2021-09-10 04:36:19,0,312
St Stephen Elementary,,9/10/2021,0,7,2021-09-10 04:36:19,0,35
St Stephen Middle,,9/10/2021,0,4,2021-09-10 04:36:19,0,4
Stratford High,,9/10/2021,3,43,2021-09-10 04:36:19,0,233
Timberland High,,9/10/2021,3,25,2021-09-10 04:36:19,1,56
Westview Elementary,,9/10/2021,2,11,2021-09-10 04:36:19,0,67
Westview Middle,,9/10/2021,1,20,2021-09-10 04:36:19,0,103
Westview Primary,,9/10/2021,1,11,2021-09-10 04:36:19,7,57
Whitesville Elementary,,9/10/2021,8,42,2021-09-10 04:36:19,5,133
Berkeley County School District,,9/10/2021,83,816,2021-09-10 04:36:19,51,3699
Central Offices,,9/10/2021,1,0,2021-09-10 04:36:19,0,0
Maintenance,,9/10/2021,0,0,2021-09-10 04:36:19,0,0
Technology,,9/10/2021,1,0,2021-09-10 04:36:19,1,0
Transportation,,9/10/2021,2,0,2021-09-10 04:36:19,2,0
Berkeley Alternative,,9/10/2021,0,0,2021-09-10 04:36:19,0,0
Berkeley Elementary,,9/10/2021,2,17,2021-09-10 04:36:19,0,28
Berkeley High School,,9/10/2021,5,37,2021-09-10 04:36:19,1,200
Berkeley Intermediate,,9/10/2021,3,22,2021-09-10 04:36:19,4,106
Berkeley Middle,,9/10/2021,5,57,2021-09-10 04:36:19,1,238
Berkeley Middle College,,9/10/2021,0,0,2021-09-10 04:36:19,0,0
Bonner Elementary,,9/10/2021,4,18,2021-09-10 04:36:19,0,74
Boulder Bluff Elementary,,9/10/2021,1,12,2021-09-10 04:36:19,0,64
Bowens Corner Elementary,,9/10/2021,1,15,2021-09-10 04:36:19,0,48
Cainhoy Elementary,,9/10/2021,0,2,2021-09-10 04:36:19,0,13
Cane Bay Elementary,,9/10/2021,1,16,2021-09-10 04:36:19,3,92
Cane Bay High,,9/10/2021,3,28,2021-09-10 04:36:19,1,184
Cane Bay Middle,,9/10/2021,2,62,2021-09-10 04:36:19,4,301
College Park Elementary,,9/10/2021,1,8,2021-09-10 04:36:19,4,31
College Park Middle,,9/10/2021,0,7,2021-09-10 04:36:19,0,41
Cross Elementary,,9/10/2021,1,8,2021-09-10 04:36:19,0,66
Cross High,,9/10/2021,0,3,2021-09-10 04:36:19,0,6
Daniel Island School,,9/10/2021,0,9,2021-09-10 04:36:19,0,56
Devon Forest Elementary,,9/10/2021,5,11,2021-09-10 04:36:19,3,59
Fishburne Campus,,9/10/2021,1,0,2021-09-10 04:36:19,0,0
Foxbank Elementary,,9/10/2021,1,11,2021-09-10 04:36:19,3,55
Goose Creek Elementary,,9/10/2021,0,17,2021-09-10 04:36:19,0,38
Goose Creek High,,9/10/2021,1,32,2021-09-10 04:36:19,0,163
Hanahan Elementary,,9/10/2021,2,13,2021-09-10 04:36:19,3,45
Hanahan High,,9/10/2021,0,11,2021-09-10 04:36:19,0,57
Hanahan Middle,,9/10/2021,1,10,2021-09-10 04:36:19,0,52
Howe Hall Aims,,9/10/2021,0,20,2021-09-10 04:36:19,0,51
Jk Goudin Elementary,,9/10/2021,0,2,2021-09-10 04:36:19,0,4
Macedonia Middle,,9/10/2021,1,23,2021-09-10 04:36:19,0,61
Marrington Elementary,,9/10/2021,0,9,2021-09-10 04:36:19,1,31
Marrington Middle,,9/10/2021,0,12,2021-09-10 04:36:19,2,51
Mt Holly Elementary,,9/10/2021,2,21,2021-09-10 04:36:19,0,21
Nexton Elementary,,9/10/2021,6,28,2021-09-10 04:36:19,1,77
Philip Simmons Elementary,,9/10/2021,0,3,2021-09-10 04:36:19,0,21
Philip Simmons High,,9/10/2021,0,3,2021-09-10 04:36:19,0,9
Philip Simmons Middle,,9/10/2021,0,6,2021-09-10 04:36:19,0,36
Sangaree Elementary,,9/10/2021,4,28,2021-09-10 04:36:19,2,64
Sangaree Intermediate,,9/10/2021,2,17,2021-09-10 04:36:19,0,53
Sangaree Middle,,9/10/2021,3,22,2021-09-10 04:36:19,2,203
Sedgefield Middle,,9/10/2021,3,33,2021-09-10 04:36:19,0,312
St Stephen Elementary,,9/10/2021,0,7,2021-09-10 04:36:19,0,35
St Stephen Middle,,9/10/2021,0,4,2021-09-10 04:36:19,0,4
Stratford High,,9/10/2021,3,43,2021-09-10 04:36:19,0,233
Timberland High,,9/10/2021,3,25,2021-09-10 04:36:19,1,56
Westview Elementary,,9/10/2021,2,11,2021-09-10 04:36:19,0,67
Westview Middle,,9/10/2021,1,20,2021-09-10 04:36:19,0,103
Westview Primary,,9/10/2021,1,11,2021-09-10 04:36:19,7,57
Whitesville Elementary,,9/10/2021,8,42,2021-09-10 04:36:19,5,133
Berkeley County School District,,9/10/2021,83,816,2021-09-10 04:36:19,51,3699
Central Offices,,9/10/2021,1,0,2021-09-10 04:36:19,0,0
Maintenance,,9/10/2021,0,0,2021-09-10 04:36:19,0,0
Technology,,9/10/2021,1,0,2021-09-10 04:36:19,1,0
Transportation,,9/10/2021,2,0,2021-09-10 04:36:19,2,0
Berkeley Alternative,,9/10/2021,0,0,2021-09-10 04:36:19,0,0
Berkeley Elementary,,9/10/2021,2,17,2021-09-10 04:36:19,0,28
Berkeley High School,,9/10/2021,5,37,2021-09-10 04:36:19,1,200
Berkeley Intermediate,,9/10/2021,3,22,2021-09-10 04:36:19,4,106
Berkeley Middle,,9/10/2021,5,57,2021-09-10 04:36:19,1,238
Berkeley Middle College,,9/10/2021,0,0,2021-09-10 04:36:19,0,0
Bonner Elementary,,9/10/2021,4,18,2021-09-10 04:36:19,0,74
Boulder Bluff Elementary,,9/10/2021,1,12,2021-09-10 04:36:19,0,64
Bowens Corner Elementary,,9/10/2021,1,15,2021-09-10 04:36:19,0,48
Cainhoy Elementary,,9/10/2021,0,2,2021-09-10 04:36:19,0,13
Cane Bay Elementary,,9/10/2021,1,16,2021-09-10 04:36:19,3,92
Cane Bay High,,9/10/2021,3,28,2021-09-10 04:36:19,1,184
Cane Bay Middle,,9/10/2021,2,62,2021-09-10 04:36:19,4,301
College Park Elementary,,9/10/2021,1,8,2021-09-10 04:36:19,4,31
College Park Middle,,9/10/2021,0,7,2021-09-10 04:36:19,0,41
Cross Elementary,,9/10/2021,1,8,2021-09-10 04:36:19,0,66
Cross High,,9/10/2021,0,3,2021-09-10 04:36:19,0,6
Daniel Island School,,9/10/2021,0,9,2021-09-10 04:36:19,0,56
Devon Forest Elementary,,9/10/2021,5,11,2021-09-10 04:36:19,3,59
Fishburne Campus,,9/10/2021,1,0,2021-09-10 04:36:19,0,0
Foxbank Elementary,,9/10/2021,1,11,2021-09-10 04:36:19,3,55
Goose Creek Elementary,,9/10/2021,0,17,2021-09-10 04:36:19,0,38
Goose Creek High,,9/10/2021,1,32,2021-09-10 04:36:19,0,163
Hanahan Elementary,,9/10/2021,2,13,2021-09-10 04:36:19,3,45
Hanahan High,,9/10/2021,0,11,2021-09-10 04:36:19,0,57
Hanahan Middle,,9/10/2021,1,10,2021-09-10 04:36:19,0,52
Howe Hall Aims,,9/10/2021,0,20,2021-09-10 04:36:19,0,51
Jk Goudin Elementary,,9/10/2021,0,2,2021-09-10 04:36:19,0,4
Macedonia Middle,,9/10/2021,1,23,2021-09-10 04:36:19,0,61
Marrington Elementary,,9/10/2021,0,9,2021-09-10 04:36:19,1,31
Marrington Middle,,9/10/2021,0,12,2021-09-10 04:36:19,2,51
Mt Holly Elementary,,9/10/2021,2,21,2021-09-10 04:36:19,0,21
Nexton Elementary,,9/10/2021,6,28,2021-09-10 04:36:19,1,77
Philip Simmons Elementary,,9/10/2021,0,3,2021-09-10 04:36:19,0,21
Philip Simmons High,,9/10/2021,0,3,2021-09-10 04:36:19,0,9
Philip Simmons Middle,,9/10/2021,0,6,2021-09-10 04:36:19,0,36
Sangaree Elementary,,9/10/2021,4,28,2021-09-10 04:36:19,2,64
Sangaree Intermediate,,9/10/2021,2,17,2021-09-10 04:36:19,0,53
Sangaree Middle,,9/10/2021,3,22,2021-09-10 04:36:19,2,203
Sedgefield Middle,,9/10/2021,3,33,2021-09-10 04:36:19,0,312
St Stephen Elementary,,9/10/2021,0,7,2021-09-10 04:36:19,0,35
St Stephen Middle,,9/10/2021,0,4,2021-09-10 04:36:19,0,4
Stratford High,,9/10/2021,3,43,2021-09-10 04:36:19,0,233
Timberland High,,9/10/2021,3,25,2021-09-10 04:36:19,1,56
Westview Elementary,,9/10/2021,2,11,2021-09-10 04:36:19,0,67
Westview Middle,,9/10/2021,1,20,2021-09-10 04:36:19,0,103
Westview Primary,,9/10/2021,1,11,2021-09-10 04:36:19,7,57
Whitesville Elementary,,9/10/2021,8,42,2021-09-10 04:36:19,5,133
Berkeley County School District,,9/13/2021,52,542,2021-09-13 04:29:35,40,2744
Central Offices,,9/13/2021,0,0,2021-09-13 04:29:35,0,0
Maintenance,,9/13/2021,0,0,2021-09-13 04:29:35,2,0
Technology,,9/13/2021,0,0,2021-09-13 04:29:35,1,0
Transportation,,9/13/2021,1,0,2021-09-13 04:29:35,2,0
Berkeley Alternative,,9/13/2021,0,0,2021-09-13 04:29:35,0,0
Berkeley Elementary,,9/13/2021,0,14,2021-09-13 04:29:35,0,20
Berkeley High School,,9/13/2021,5,27,2021-09-13 04:29:35,1,168
Berkeley Intermediate,,9/13/2021,3,19,2021-09-13 04:29:35,2,98
Berkeley Middle,,9/13/2021,3,26,2021-09-13 04:29:35,1,180
Berkeley Middle College,,9/13/2021,0,0,2021-09-13 04:29:35,0,0
Bonner Elementary,,9/13/2021,3,12,2021-09-13 04:29:35,1,71
Boulder Bluff Elementary,,9/13/2021,0,8,2021-09-13 04:29:35,0,58
Bowens Corner Elementary,,9/13/2021,0,13,2021-09-13 04:29:35,0,38
Cainhoy Elementary,,9/13/2021,0,2,2021-09-13 04:29:35,0,2
Cane Bay Elementary,,9/13/2021,0,14,2021-09-13 04:29:35,1,82
Cane Bay High,,9/13/2021,4,25,2021-09-13 04:29:35,1,146
Cane Bay Middle,,9/13/2021,2,47,2021-09-13 04:29:35,3,232
College Park Elementary,,9/13/2021,2,6,2021-09-13 04:29:35,3,26
College Park Middle,,9/13/2021,1,7,2021-09-13 04:29:35,0,53
Cross Elementary,,9/13/2021,3,7,2021-09-13 04:29:35,0,41
Cross High,,9/13/2021,0,2,2021-09-13 04:29:35,0,2
Daniel Island School,,9/13/2021,0,7,2021-09-13 04:29:35,0,36
Devon Forest Elementary,,9/13/2021,0,4,2021-09-13 04:29:35,2,30
Fishburne Campus,,9/13/2021,1,0,2021-09-13 04:29:35,0,0
Foxbank Elementary,,9/13/2021,0,7,2021-09-13 04:29:35,3,42
Goose Creek Elementary,,9/13/2021,0,13,2021-09-13 04:29:35,0,36
Goose Creek High,,9/13/2021,0,19,2021-09-13 04:29:35,0,123
Hanahan Elementary,,9/13/2021,2,5,2021-09-13 04:29:35,4,40
Hanahan High,,9/13/2021,0,6,2021-09-13 04:29:35,3,48
Hanahan Middle,,9/13/2021,1,5,2021-09-13 04:29:35,0,24
Howe Hall Aims,,9/13/2021,0,11,2021-09-13 04:29:35,0,40
Jk Goudin Elementary,,9/13/2021,0,3,2021-09-13 04:29:35,0,2
Macedonia Middle,,9/13/2021,1,14,2021-09-13 04:29:35,0,38
Marrington Elementary,,9/13/2021,0,4,2021-09-13 04:29:35,0,14
Marrington Middle,,9/13/2021,0,8,2021-09-13 04:29:35,3,32
Mt Holly Elementary,,9/13/2021,1,6,2021-09-13 04:29:35,0,11
Nexton Elementary,,9/13/2021,5,19,2021-09-13 04:29:35,1,75
Philip Simmons Elementary,,9/13/2021,0,3,2021-09-13 04:29:35,0,23
Philip Simmons High,,9/13/2021,0,4,2021-09-13 04:29:35,0,13
Philip Simmons Middle,,9/13/2021,0,6,2021-09-13 04:29:35,0,43
Sangaree Elementary,,9/13/2021,0,13,2021-09-13 04:29:35,0,55
Sangaree Intermediate,,9/13/2021,1,17,2021-09-13 04:29:35,0,54
Sangaree Middle,,9/13/2021,3,11,2021-09-13 04:29:35,1,95
Sedgefield Middle,,9/13/2021,1,25,2021-09-13 04:29:35,0,221
St Stephen Elementary,,9/13/2021,0,2,2021-09-13 04:29:35,0,34
St Stephen Middle,,9/13/2021,0,2,2021-09-13 04:29:35,0,3
Stratford High,,9/13/2021,1,33,2021-09-13 04:29:35,1,153
Timberland High,,9/13/2021,2,14,2021-09-13 04:29:35,0,32
Westview Elementary,,9/13/2021,0,10,2021-09-13 04:29:35,0,62
Westview Middle,,9/13/2021,1,10,2021-09-13 04:29:35,0,17
Westview Primary,,9/13/2021,1,7,2021-09-13 04:29:35,2,54
Whitesville Elementary,,9/13/2021,4,25,2021-09-13 04:29:35,2,77
Berkeley County School District,,9/14/2021,46,449,2021-09-14 04:05:43,36,2068
Central Offices,,9/14/2021,1,0,2021-09-14 04:05:43,0,0
Maintenance,,9/14/2021,0,0,2021-09-14 04:05:43,3,0
Technology,,9/14/2021,0,0,2021-09-14 04:05:43,0,0
Transportation,,9/14/2021,1,0,2021-09-14 04:05:43,1,0
Berkeley Alternative,,9/14/2021,0,0,2021-09-14 04:05:43,0,0
Berkeley Elementary,,9/14/2021,0,12,2021-09-14 04:05:43,0,22
Berkeley High School,,9/14/2021,4,29,2021-09-14 04:05:43,1,172
Berkeley Intermediate,,9/14/2021,2,11,2021-09-14 04:05:43,0,54
Berkeley Middle,,9/14/2021,1,13,2021-09-14 04:05:43,1,6
Berkeley Middle College,,9/14/2021,0,0,2021-09-14 04:05:43,0,0
Bonner Elementary,,9/14/2021,3,12,2021-09-14 04:05:43,1,76
Boulder Bluff Elementary,,9/14/2021,0,4,2021-09-14 04:05:43,0,36
Bowens Corner Elementary,,9/14/2021,0,5,2021-09-14 04:05:43,0,12
Cainhoy Elementary,,9/14/2021,0,2,2021-09-14 04:05:43,0,1
Cane Bay Elementary,,9/14/2021,0,9,2021-09-14 04:05:43,0,69
Cane Bay High,,9/14/2021,4,22,2021-09-14 04:05:43,1,136
Cane Bay Middle,,9/14/2021,1,33,2021-09-14 04:05:43,1,148
College Park Elementary,,9/14/2021,2,5,2021-09-14 04:05:43,3,24
College Park Middle,,9/14/2021,1,7,2021-09-14 04:05:43,1,50
Cross Elementary,,9/14/2021,2,5,2021-09-14 04:05:43,0,41
Cross High,,9/14/2021,0,4,2021-09-14 04:05:43,0,0
Daniel Island School,,9/14/2021,0,7,2021-09-14 04:05:43,0,31
Devon Forest Elementary,,9/14/2021,0,3,2021-09-14 04:05:43,2,11
Fishburne Campus,,9/14/2021,1,0,2021-09-14 04:05:43,0,0
Foxbank Elementary,,9/14/2021,0,8,2021-09-14 04:05:43,3,42
Goose Creek Elementary,,9/14/2021,0,13,2021-09-14 04:05:43,0,21
Goose Creek High,,9/14/2021,0,17,2021-09-14 04:05:43,0,102
Hanahan Elementary,,9/14/2021,2,5,2021-09-14 04:05:43,4,39
Hanahan High,,9/14/2021,1,5,2021-09-14 04:05:43,1,37
Hanahan Middle,,9/14/2021,1,10,2021-09-14 04:05:43,0,36
Howe Hall Aims,,9/14/2021,0,11,2021-09-14 04:05:43,0,30
Jk Goudin Elementary,,9/14/2021,0,5,2021-09-14 04:05:43,0,2
Macedonia Middle,,9/14/2021,1,10,2021-09-14 04:05:43,0,34
Marrington Elementary,,9/14/2021,0,4,2021-09-14 04:05:43,0,12
Marrington Middle,,9/14/2021,0,7,2021-09-14 04:05:43,2,27
Mt Holly Elementary,,9/14/2021,1,4,2021-09-14 04:05:43,0,11
Nexton Elementary,,9/14/2021,3,18,2021-09-14 04:05:43,2,60
Philip Simmons Elementary,,9/14/2021,0,2,2021-09-14 04:05:43,0,23
Philip Simmons High,,9/14/2021,0,4,2021-09-14 04:05:43,0,8
Philip Simmons Middle,,9/14/2021,0,5,2021-09-14 04:05:43,0,31
Sangaree Elementary,,9/14/2021,0,6,2021-09-14 04:05:43,1,45
Sangaree Intermediate,,9/14/2021,0,6,2021-09-14 04:05:43,0,31
Sangaree Middle,,9/14/2021,3,10,2021-09-14 04:05:43,1,71
Sedgefield Middle,,9/14/2021,1,27,2021-09-14 04:05:43,0,157
St Stephen Elementary,,9/14/2021,0,4,2021-09-14 04:05:43,0,35
St Stephen Middle,,9/14/2021,0,1,2021-09-14 04:05:43,0,1
Stratford High,,9/14/2021,2,33,2021-09-14 04:05:43,3,106
Timberland High,,9/14/2021,1,14,2021-09-14 04:05:43,0,25
Westview Elementary,,9/14/2021,0,8,2021-09-14 04:05:43,0,41
Westview Middle,,9/14/2021,1,9,2021-09-14 04:05:43,0,17
Westview Primary,,9/14/2021,3,4,2021-09-14 04:05:43,2,73
Whitesville Elementary,,9/14/2021,3,16,2021-09-14 04:05:43,2,62
Berkeley County School District,,9/15/2021,39,426,2021-09-15 04:17:46,38,2088
Central Offices,,9/15/2021,1,0,2021-09-15 04:17:46,0,0
Maintenance,,9/15/2021,1,0,2021-09-15 04:17:46,3,0
Technology,,9/15/2021,0,0,2021-09-15 04:17:46,1,0
Transportation,,9/15/2021,0,0,2021-09-15 04:17:46,1,0
Berkeley Alternative,,9/15/2021,0,0,2021-09-15 04:17:46,0,0
Berkeley Elementary,,9/15/2021,0,11,2021-09-15 04:17:46,0,27
Berkeley High School,,9/15/2021,4,27,2021-09-15 04:17:46,2,195
Berkeley Intermediate,,9/15/2021,1,13,2021-09-15 04:17:46,0,60
Berkeley Middle,,9/15/2021,0,10,2021-09-15 04:17:46,1,5
Berkeley Middle College,,9/15/2021,0,0,2021-09-15 04:17:46,0,0
Bonner Elementary,,9/15/2021,2,11,2021-09-15 04:17:46,1,74
Boulder Bluff Elementary,,9/15/2021,0,5,2021-09-15 04:17:46,0,37
Bowens Corner Elementary,,9/15/2021,0,4,2021-09-15 04:17:46,0,13
Cainhoy Elementary,,9/15/2021,0,0,2021-09-15 04:17:46,0,1
Cane Bay Elementary,,9/15/2021,0,9,2021-09-15 04:17:46,0,77
Cane Bay High,,9/15/2021,2,24,2021-09-15 04:17:46,1,134
Cane Bay Middle,,9/15/2021,0,27,2021-09-15 04:17:46,1,143
College Park Elementary,,9/15/2021,2,4,2021-09-15 04:17:46,4,24
College Park Middle,,9/15/2021,1,7,2021-09-15 04:17:46,1,49
Cross Elementary,,9/15/2021,2,5,2021-09-15 04:17:46,0,41
Cross High,,9/15/2021,0,2,2021-09-15 04:17:46,0,0
Daniel Island School,,9/15/2021,1,6,2021-09-15 04:17:46,0,31
Devon Forest Elementary,,9/15/2021,0,4,2021-09-15 04:17:46,2,14
Fishburne Campus,,9/15/2021,0,0,2021-09-15 04:17:46,0,0
Foxbank Elementary,,9/15/2021,0,9,2021-09-15 04:17:46,2,44
Goose Creek Elementary,,9/15/2021,0,14,2021-09-15 04:17:46,0,29
Goose Creek High,,9/15/2021,1,10,2021-09-15 04:17:46,0,106
Hanahan Elementary,,9/15/2021,2,7,2021-09-15 04:17:46,4,42
Hanahan High,,9/15/2021,1,4,2021-09-15 04:17:46,1,40
Hanahan Middle,,9/15/2021,1,11,2021-09-15 04:17:46,0,46
Howe Hall Aims,,9/15/2021,0,12,2021-09-15 04:17:46,0,25
Jk Goudin Elementary,,9/15/2021,0,5,2021-09-15 04:17:46,0,2
Macedonia Middle,,9/15/2021,1,9,2021-09-15 04:17:46,0,33
Marrington Elementary,,9/15/2021,0,3,2021-09-15 04:17:46,0,12
Marrington Middle,,9/15/2021,0,9,2021-09-15 04:17:46,2,27
Mt Holly Elementary,,9/15/2021,1,4,2021-09-15 04:17:46,0,11
Nexton Elementary,,9/15/2021,2,20,2021-09-15 04:17:46,2,58
Philip Simmons Elementary,,9/15/2021,0,2,2021-09-15 04:17:46,0,6
Philip Simmons High,,9/15/2021,0,3,2021-09-15 04:17:46,0,8
Philip Simmons Middle,,9/15/2021,0,5,2021-09-15 04:17:46,0,31
Sangaree Elementary,,9/15/2021,0,6,2021-09-15 04:17:46,2,39
Sangaree Intermediate,,9/15/2021,0,6,2021-09-15 04:17:46,0,28
Sangaree Middle,,9/15/2021,4,11,2021-09-15 04:17:46,0,84
Sedgefield Middle,,9/15/2021,1,23,2021-09-15 04:17:46,0,114
St Stephen Elementary,,9/15/2021,0,4,2021-09-15 04:17:46,0,35
St Stephen Middle,,9/15/2021,0,1,2021-09-15 04:17:46,0,1
Stratford High,,9/15/2021,2,29,2021-09-15 04:17:46,3,153
Timberland High,,9/15/2021,0,14,2021-09-15 04:17:46,0,27
Westview Elementary,,9/15/2021,1,6,2021-09-15 04:17:46,0,21
Westview Middle,,9/15/2021,0,8,2021-09-15 04:17:46,0,25
Westview Primary,,9/15/2021,3,5,2021-09-15 04:17:46,2,70
Whitesville Elementary,,9/15/2021,2,17,2021-09-15 04:17:46,2,46
Berkeley County School District,,9/16/2021,38,420,2021-09-16 03:49:56,32,2154
Central Offices,,9/16/2021,1,0,2021-09-16 03:49:56,0,0
Maintenance,,9/16/2021,1,0,2021-09-16 03:49:56,2,0
Technology,,9/16/2021,0,0,2021-09-16 03:49:56,0,0
Transportation,,9/16/2021,1,0,2021-09-16 03:49:56,1,0
Berkeley Alternative,,9/16/2021,0,0,2021-09-16 03:49:56,0,0
Berkeley Elementary,,9/16/2021,0,9,2021-09-16 03:49:56,0,19
Berkeley High School,,9/16/2021,5,25,2021-09-16 03:49:56,1,188
Berkeley Intermediate,,9/16/2021,0,14,2021-09-16 03:49:56,0,61
Berkeley Middle,,9/16/2021,0,7,2021-09-16 03:49:56,0,3
Berkeley Middle College,,9/16/2021,0,0,2021-09-16 03:49:56,0,0
Bonner Elementary,,9/16/2021,1,12,2021-09-16 03:49:56,1,75
Boulder Bluff Elementary,,9/16/2021,0,5,2021-09-16 03:49:56,0,38
Bowens Corner Elementary,,9/16/2021,0,4,2021-09-16 03:49:56,0,9
Cainhoy Elementary,,9/16/2021,0,0,2021-09-16 03:49:56,0,1
Cane Bay Elementary,,9/16/2021,0,10,2021-09-16 03:49:56,0,75
Cane Bay High,,9/16/2021,1,23,2021-09-16 03:49:56,1,135
Cane Bay Middle,,9/16/2021,0,27,2021-09-16 03:49:56,1,140
College Park Elementary,,9/16/2021,1,6,2021-09-16 03:49:56,3,45
College Park Middle,,9/16/2021,1,10,2021-09-16 03:49:56,1,61
Cross Elementary,,9/16/2021,2,5,2021-09-16 03:49:56,0,41
Cross High,,9/16/2021,0,2,2021-09-16 03:49:56,0,0
Daniel Island School,,9/16/2021,1,5,2021-09-16 03:49:56,0,32
Devon Forest Elementary,,9/16/2021,0,5,2021-09-16 03:49:56,0,15
Fishburne Campus,,9/16/2021,0,0,2021-09-16 03:49:56,0,0
Foxbank Elementary,,9/16/2021,0,8,2021-09-16 03:49:56,2,41
Goose Creek Elementary,,9/16/2021,0,13,2021-09-16 03:49:56,0,29
Goose Creek High,,9/16/2021,2,13,2021-09-16 03:49:56,0,108
Hanahan Elementary,,9/16/2021,3,8,2021-09-16 03:49:56,4,38
Hanahan High,,9/16/2021,1,5,2021-09-16 03:49:56,1,48
Hanahan Middle,,9/16/2021,1,10,2021-09-16 03:49:56,0,52
Howe Hall Aims,,9/16/2021,0,9,2021-09-16 03:49:56,0,28
Jk Goudin Elementary,,9/16/2021,0,5,2021-09-16 03:49:56,0,2
Macedonia Middle,,9/16/2021,1,9,2021-09-16 03:49:56,0,34
Marrington Elementary,,9/16/2021,0,3,2021-09-16 03:49:56,0,12
Marrington Middle,,9/16/2021,0,10,2021-09-16 03:49:56,2,24
Mt Holly Elementary,,9/16/2021,1,4,2021-09-16 03:49:56,0,11
Nexton Elementary,,9/16/2021,1,20,2021-09-16 03:49:56,2,61
Philip Simmons Elementary,,9/16/2021,0,2,2021-09-16 03:49:56,0,5
Philip Simmons High,,9/16/2021,0,2,2021-09-16 03:49:56,0,6
Philip Simmons Middle,,9/16/2021,0,7,2021-09-16 03:49:56,0,50
Sangaree Elementary,,9/16/2021,0,5,2021-09-16 03:49:56,2,38
Sangaree Intermediate,,9/16/2021,0,6,2021-09-16 03:49:56,0,36
Sangaree Middle,,9/16/2021,4,11,2021-09-16 03:49:56,0,93
Sedgefield Middle,,9/16/2021,1,22,2021-09-16 03:49:56,0,89
St Stephen Elementary,,9/16/2021,0,4,2021-09-16 03:49:56,0,33
St Stephen Middle,,9/16/2021,0,1,2021-09-16 03:49:56,0,1
Stratford High,,9/16/2021,2,31,2021-09-16 03:49:56,3,172
Timberland High,,9/16/2021,0,11,2021-09-16 03:49:56,1,27
Westview Elementary,,9/16/2021,1,5,2021-09-16 03:49:56,0,22
Westview Middle,,9/16/2021,0,6,2021-09-16 03:49:56,0,25
Westview Primary,,9/16/2021,3,8,2021-09-16 03:49:56,2,87
Whitesville Elementary,,9/16/2021,2,13,2021-09-16 03:49:56,2,44
Berkeley County School District,,9/17/2021,36,419,2021-09-17 03:39:27,34,2101
Central Offices,,9/17/2021,1,0,2021-09-17 03:39:27,0,0
Maintenance,,9/17/2021,1,0,2021-09-17 03:39:27,3,0
Technology,,9/17/2021,0,0,2021-09-17 03:39:27,1,0
Transportation,,9/17/2021,1,0,2021-09-17 03:39:27,1,0
Berkeley Alternative,,9/17/2021,0,0,2021-09-17 03:39:27,0,0
Berkeley Elementary,,9/17/2021,0,8,2021-09-17 03:39:27,0,16
Berkeley High School,,9/17/2021,5,28,2021-09-17 03:39:27,1,195
Berkeley Intermediate,,9/17/2021,0,15,2021-09-17 03:39:27,0,61
Berkeley Middle,,9/17/2021,0,5,2021-09-17 03:39:27,0,2
Berkeley Middle College,,9/17/2021,0,0,2021-09-17 03:39:27,0,0
Bonner Elementary,,9/17/2021,1,11,2021-09-17 03:39:27,1,76
Boulder Bluff Elementary,,9/17/2021,0,5,2021-09-17 03:39:27,0,35
Bowens Corner Elementary,,9/17/2021,0,4,2021-09-17 03:39:27,0,8
Cainhoy Elementary,,9/17/2021,0,0,2021-09-17 03:39:27,0,1
Cane Bay Elementary,,9/17/2021,0,9,2021-09-17 03:39:27,0,74
Cane Bay High,,9/17/2021,1,23,2021-09-17 03:39:27,0,115
Cane Bay Middle,,9/17/2021,0,22,2021-09-17 03:39:27,1,123
College Park Elementary,,9/17/2021,2,7,2021-09-17 03:39:27,3,57
College Park Middle,,9/17/2021,1,10,2021-09-17 03:39:27,1,63
Cross Elementary,,9/17/2021,1,4,2021-09-17 03:39:27,0,10
Cross High,,9/17/2021,0,2,2021-09-17 03:39:27,0,0
Daniel Island School,,9/17/2021,1,4,2021-09-17 03:39:27,0,29
Devon Forest Elementary,,9/17/2021,0,5,2021-09-17 03:39:27,0,14
Fishburne Campus,,9/17/2021,0,0,2021-09-17 03:39:27,0,0
Foxbank Elementary,,9/17/2021,0,9,2021-09-17 03:39:27,1,42
Goose Creek Elementary,,9/17/2021,0,16,2021-09-17 03:39:27,0,34
Goose Creek High,,9/17/2021,2,13,2021-09-17 03:39:27,0,123
Hanahan Elementary,,9/17/2021,2,9,2021-09-17 03:39:27,2,37
Hanahan High,,9/17/2021,1,6,2021-09-17 03:39:27,1,65
Hanahan Middle,,9/17/2021,1,10,2021-09-17 03:39:27,0,49
Howe Hall Aims,,9/17/2021,0,9,2021-09-17 03:39:27,0,26
Jk Goudin Elementary,,9/17/2021,0,5,2021-09-17 03:39:27,0,2
Macedonia Middle,,9/17/2021,1,8,2021-09-17 03:39:27,0,32
Marrington Elementary,,9/17/2021,0,3,2021-09-17 03:39:27,0,12
Marrington Middle,,9/17/2021,0,9,2021-09-17 03:39:27,2,30
Mt Holly Elementary,,9/17/2021,1,5,2021-09-17 03:39:27,0,12
Nexton Elementary,,9/17/2021,1,25,2021-09-17 03:39:27,2,55
Philip Simmons Elementary,,9/17/2021,0,1,2021-09-17 03:39:27,0,5
Philip Simmons High,,9/17/2021,0,2,2021-09-17 03:39:27,0,8
Philip Simmons Middle,,9/17/2021,0,8,2021-09-17 03:39:27,0,52
Sangaree Elementary,,9/17/2021,2,6,2021-09-17 03:39:27,5,39
Sangaree Intermediate,,9/17/2021,0,6,2021-09-17 03:39:27,0,39
Sangaree Middle,,9/17/2021,3,10,2021-09-17 03:39:27,1,94
Sedgefield Middle,,9/17/2021,1,19,2021-09-17 03:39:27,0,73
St Stephen Elementary,,9/17/2021,0,4,2021-09-17 03:39:27,0,31
St Stephen Middle,,9/17/2021,0,0,2021-09-17 03:39:27,0,1
Stratford High,,9/17/2021,1,32,2021-09-17 03:39:27,3,171
Timberland High,,9/17/2021,0,12,2021-09-17 03:39:27,1,22
Westview Elementary,,9/17/2021,1,4,2021-09-17 03:39:27,0,20
Westview Middle,,9/17/2021,0,7,2021-09-17 03:39:27,0,25
Westview Primary,,9/17/2021,3,7,2021-09-17 03:39:27,2,80
Whitesville Elementary,,9/17/2021,1,12,2021-09-17 03:39:27,2,43
Berkeley County School District,,9/20/2021,22,283,2021-09-20 04:46:08,22,1576
Central Offices,,9/20/2021,0,0,2021-09-20 04:46:08,0,0
Maintenance,,9/20/2021,1,0,2021-09-20 04:46:08,3,0
Technology,,9/20/2021,0,0,2021-09-20 04:46:08,1,0
Transportation,,9/20/2021,0,0,2021-09-20 04:46:08,0,0
Berkeley Alternative,,9/20/2021,0,0,2021-09-20 04:46:08,0,0
Berkeley Elementary,,9/20/2021,0,4,2021-09-20 04:46:08,0,13
Berkeley High School,,9/20/2021,3,16,2021-09-20 04:46:08,1,111
Berkeley Intermediate,,9/20/2021,0,8,2021-09-20 04:46:08,0,37
Berkeley Middle,,9/20/2021,0,6,2021-09-20 04:46:08,0,4
Berkeley Middle College,,9/20/2021,0,0,2021-09-20 04:46:08,0,0
Bonner Elementary,,9/20/2021,0,5,2021-09-20 04:46:08,0,63
Boulder Bluff Elementary,,9/20/2021,0,2,2021-09-20 04:46:08,0,22
Bowens Corner Elementary,,9/20/2021,0,0,2021-09-20 04:46:08,0,9
Cainhoy Elementary,,9/20/2021,0,0,2021-09-20 04:46:08,0,1
Cane Bay Elementary,,9/20/2021,0,7,2021-09-20 04:46:08,0,53
Cane Bay High,,9/20/2021,0,11,2021-09-20 04:46:08,0,112
Cane Bay Middle,,9/20/2021,0,16,2021-09-20 04:46:08,1,91
College Park Elementary,,9/20/2021,2,5,2021-09-20 04:46:08,3,55
College Park Middle,,9/20/2021,1,7,2021-09-20 04:46:08,0,52
Cross Elementary,,9/20/2021,1,4,2021-09-20 04:46:08,0,4
Cross High,,9/20/2021,0,1,2021-09-20 04:46:08,0,0
Daniel Island School,,9/20/2021,1,6,2021-09-20 04:46:08,0,45
Devon Forest Elementary,,9/20/2021,0,4,2021-09-20 04:46:08,0,17
Fishburne Campus,,9/20/2021,0,0,2021-09-20 04:46:08,0,0
Foxbank Elementary,,9/20/2021,1,9,2021-09-20 04:46:08,0,22
Goose Creek Elementary,,9/20/2021,0,8,2021-09-20 04:46:08,0,30
Goose Creek High,,9/20/2021,2,11,2021-09-20 04:46:08,0,72
Hanahan Elementary,,9/20/2021,2,9,2021-09-20 04:46:08,2,34
Hanahan High,,9/20/2021,0,5,2021-09-20 04:46:08,0,43
Hanahan Middle,,9/20/2021,0,8,2021-09-20 04:46:08,0,40
Howe Hall Aims,,9/20/2021,0,4,2021-09-20 04:46:08,0,19
Jk Goudin Elementary,,9/20/2021,0,0,2021-09-20 04:46:08,0,0
Macedonia Middle,,9/20/2021,0,5,2021-09-20 04:46:08,0,8
Marrington Elementary,,9/20/2021,0,2,2021-09-20 04:46:08,0,10
Marrington Middle,,9/20/2021,0,5,2021-09-20 04:46:08,1,20
Mt Holly Elementary,,9/20/2021,1,4,2021-09-20 04:46:08,0,12
Nexton Elementary,,9/20/2021,0,16,2021-09-20 04:46:08,2,45
Philip Simmons Elementary,,9/20/2021,0,1,2021-09-20 04:46:08,0,4
Philip Simmons High,,9/20/2021,0,1,2021-09-20 04:46:08,0,4
Philip Simmons Middle,,9/20/2021,0,4,2021-09-20 04:46:08,0,29
Sangaree Elementary,,9/20/2021,1,6,2021-09-20 04:46:08,3,30
Sangaree Intermediate,,9/20/2021,0,7,2021-09-20 04:46:08,0,38
Sangaree Middle,,9/20/2021,2,5,2021-09-20 04:46:08,0,53
Sedgefield Middle,,9/20/2021,0,11,2021-09-20 04:46:08,0,43
St Stephen Elementary,,9/20/2021,0,4,2021-09-20 04:46:08,0,35
St Stephen Middle,,9/20/2021,0,1,2021-09-20 04:46:08,0,2
Stratford High,,9/20/2021,1,27,2021-09-20 04:46:08,3,133
Timberland High,,9/20/2021,0,6,2021-09-20 04:46:08,1,20
Westview Elementary,,9/20/2021,1,3,2021-09-20 04:46:08,0,19
Westview Middle,,9/20/2021,0,6,2021-09-20 04:46:08,0,38
Westview Primary,,9/20/2021,1,6,2021-09-20 04:46:08,0,62
Whitesville Elementary,,9/20/2021,1,7,2021-09-20 04:46:08,1,22
